"Titel","Regeste","Urteilsauszug"
"2022 101: Gutheissung der Zivilklage trotz Freispruch","Eine Zivilforderung kann bei klarer Sachlage auch bei einem Freispruch (hier mangels Arglist) zugesprochen werden.
Im Strafverfahren kann eine Schadenersatzforderung nur geltend gemacht werden, wenn der Schaden direktkausal aus der strafbaren Handlung herrührt.","12.4 Zivilforderungen

12.4.1 Rechtliche Grundlagen

Die geschädigte Person kann im Strafverfahren Zivilansprüche gegen den Beschuldigten adhäsionsweise geltend machen, sofern sie aus der strafbaren Handlung hergeleitet werden (Art. 122 Abs. 1 StPO). Die in der Zivilklage geltend gemachte Forderung ist nach Möglichkeit in der Erklärung nach Art. 119 StPO zu beziffern und, unter Angabe der angerufenen Beweismittel, kurz schriftlich zu begründen (Art. 123 Abs. 1 StPO). Bezifferung und Begründung haben innert der von der Verfahrensleitung gemäss Art. 331 Abs. 2 StPO angesetzten Frist zu erfolgen (Art. 123 Abs. 2 StPO). Das Gericht entscheidet über die anhängig gemachte Zivilklage, wenn es die beschuldigte Person schuldig spricht oder wenn bei einem Freispruch der Sachverhalt spruchreif ist, d. h. über den Zivilanspruch ohne Weiterungen auf Grund der im bisherigen Verfahren gesammelten Beweise entschieden werden kann (Art. 126 Abs. 1 StPO; Dolge, BSK StPO, 3. Aufl., N 19 zu Art. 126 StPO). Nach Art. 126 Abs. 2 lit. b StPO wird die Zivilklage u.a. dann auf den Zivilweg verwiesen, wenn die Privatklägerschaft ihre Klage nicht hinreichend begründet oder beziffert hat.

Wer einem andern widerrechtlich Schaden zufügt, sei es mit Absicht, sei es aus Fahrlässigkeit, wird ihm zum Ersatze verpflichtet (Art. 41 Abs. 1 OR). Eine Haftung nach Art. 41 OR setzt kumulativ einen Schaden, einen natürlichen und adäquaten Kausalzusammenhang zwischen dem schädigenden Verhalten und dem Schaden, Widerrechtlichkeit der Schädigung und ein Verschulden des Schädigers voraus (Kessler, BSK OR I, 7. Aufl., N 2c zu Art. 41).

12.4.2 Würdigung

12.4.2.1 Privatklägerin D.________ GmbH

Die Privatklägerin D.________ GmbH macht im Zusammenhang mit dem Betrugsvorwurf eine Schadenersatzforderung von Fr. 202'268.-- nebst Zins zu 5 % seit dem 1. Dezember 2018 vom Beschuldigten geltend (vgl. Reg. 11 Bel. 2; fl. Akten Bel. 21).

Der Beschuldigte wird mit vorliegendem Urteil vom Vorwurf des (versuchten) Betrugs zum Nachteil der F.________ GmbH freigesprochen (vgl. E. 5.2.1.2 und 5.2.2.2 hiervor). In solchen Fällen sind Zivilklagen in der Regel abzuweisen, da bei fehlender Tatbestandsmässigkeit und Rechtswidrigkeit auch die zivilrechtlichen Haftungsgrundlagen nach Art. 41 ff. OR (Widerrechtlichkeit, Kausalzusammenhang, Verschulden) meist fehlen dürften. In Ausnahmefällen kann die Zivilklage jedoch trotz Freispruch gutgeheissen werden. Der Prozess zwischen Zivilklägerschaft und beschuldigter Person soll nicht auf dem Zivilweg weitergeführt werden, wenn die Situation in zivilrechtlicher Hinsicht bereits im Strafverfahren klar ist (Dolge, a.a.O., N 21 zu Art. 126 StPO). Es ist somit zu beurteilen, ob die Voraussetzungen einer Gutheissung der Zivilklage nach den zivilrechtlichen Haftungsgrundlagen gegeben sind.

In vorliegender Konstellation hat Der Beschuldigte, abgesehen von der Arglistig, sämtliche Tatbestandsmerkmale des Straftatbestands des Betrugs unzweifelhaft erfüllt (vgl. E. 5.2.1.2 hiervor). Er hat bei der Privatklägerin D.________ GmbH vorsätzlich einen Schaden verursacht, wobei sein Verhalten kausal für den eingetretenen Schaden war. Betreffend die Voraussetzungen einer Haftung nach Art. 41 OR stellt sich somit einzig die Frage nach der Widerrechtlichkeit des Verhaltens des Beschuldigten. Bei einem Eingriff in absolut geschützte Rechtsgüter liegt in der Regel immer Widerrechtlichkeit vor. Reine Vermögensschäden – d.h. solche, die ohne Eingriff in ein absolut geschütztes Rechtsgut entstehen – sind nur dann widerrechtlich, wenn sie unter Verletzung einer besonderen Verhaltensnorm bewirkt werden, die nach ihrem Zweck (auch) vor Schädigungen von der Art der (konkret) eingetretenen schützen soll (vgl. BGE 132 III 122 E. 4.1, 129 IV 322 E. 2.2.2, 124 III 297 E. 5b). Solche Normen werden als Vermögensschutznormen bezeichnet. Sie können sich nach der Rechtsprechung des Bundesgerichts aus der gesamten schweizerischen Rechtsordnung ergeben, auch aus dem kantonalen Recht, und geschrieben oder ungeschrieben sein. Zudem müssen sie eine ausreichende Bestimmtheit aufweisen. Fällt der eingetretene Vermögensschaden nicht in den Schutzbereich der Norm, so fehlt es an der Widerrechtlichkeit der Schädigung (BGE 133 III 323; zum Ganzen Kessler, BSK OR I, 7. Aufl., N 33 f. zu Art. 41). Gemäss konstanter bundesgerichtlicher Rechtsprechung kann das Verbot der Täuschung in Art. 28 OR als derartige Vermögensschutznorm herangezogen werden, welche die Widerrechtlichkeit eines reinen Vermögensschadens begründet (vgl. BGE 108 II 419 E. 5; BGer-Urteil 4A_285/2017 vom 03.04.2018 E. 6.1 je m.w.H.).

Art. 28 OR setzt eine Täuschungshandlung voraus, d.h. eine Vorspiegelung falscher Tatsachen oder ein Verschweigen vorhandener Tatsachen, die absichtlich und in pflichtwidriger Weise erfolgt und beim Getäuschten einen Irrtum hervorruft (Schwenzer/Fountoulakis, BSK OR I, 7. Aufl., N 2a f. zu Art. 28 OR). Im vorliegenden Fall hat Der Beschuldigte gegenüber dem Geschäftsführer der F.________ GmbH absichtlich verschwiegen, dass der H.________ AG das Mietverhältnis ausserordentlich gekündigt worden war. Es handelte sich dabei um einen Umstand, der bei der F.________ GmbH bzw. I.________ für den Entschluss zum Vertragsabschluss in erkennbarer Weise von wesentlicher Bedeutung war, womit beim Beschuldigten hinsichtlich dieser Tatsache nach Treu und Glauben eine entsprechende Aufklärungspflicht bestand (vgl. Schwenzer/Fountoulakis, a.a.O., N 8 f. zu Art. 28 OR). Es liegt eine absichtliche Täuschung nach Art. 28 OR vor. Trotz Verneinung der Arglist und entsprechendem Freispruch vom Betrug ist das Verhalten des Beschuldigten somit als widerrechtlich zu bewerten.

Die Privatklägerin D.________ GmbH hat – weil sich die Bezahlung des (anteilsmässigen) Mietzinses und der Kauf des Büroausbaus für sie als wertlos herausgestellt haben – einen Vermögensschaden erlitten, welchen Der Beschuldigte infolge einer absichtlichen Täuschung widerrechtlich verursacht hat. Es sind mithin alle Voraussetzungen einer Haftung nach Art. 41 OR erfüllt. Der Beschuldigte haftet der Privatklägerin aus zivilrechtlicher Deliktshaftung für den zugefügten Vermögensschaden. Die Privatklägerin hat die Zivilklage ausreichend beziffert und begründet (Reg. 11 Bel. 1 ff. und 62 f.). Der zugrundeliegende Sachverhalt ist spruchreif, womit die Zivilklage trotz Freispruchs des Beschuldigten gutzuheissen ist (vgl. Art. 126 Abs. 1 lit. b StPO). Der Beschuldigte hat der Privatklägerin D.________ GmbH somit Schadenersatz in der Höhe von Fr. 202'268.-- zuzüglich Zins zu 5 % seit 1. Dezember 2018 zu bezahlen

12.4.2.2 Privatkläger U., L. und M.________

Die übrigen Privatkläger machen im Zusammenhang mit den Konkursdelikten jeweils Schadenersatz vom Beschuldigten geltend. Sie beantragen, Der Beschuldigte sei zu verurteilen, Fr. 198'529.70 an N.________, Fr. 424'549.45 an L._________ sowie Fr. 589'361.10 M.________ , jeweils zzgl. Zins von 5 % seit 23. Januar 2019, zu bezahlen (fl. Akten Bel. 22 S. 1. f.).
Zur Begründung führt die Vertreterin der obgenannten Privatklägerschaften zusammengefasst aus, Der Beschuldigte habe durch Verletzung seiner Sorgfaltspflichten als Organ der H.________ AG schuldhaft in kausaler Weise einen Schaden in der jeweils geltend gemachten Höhe bei den Privatklägern herbeigeführt. Er sei daher gestützt auf die aktienrechtliche Organhaftung nach Art. 754 OR i.V.m. Art. 41 OR schadenersatzpflichtig (vgl. fl. Akten Bel. 22 Rz. 56 ff.). Der Schaden wird jeweils mit der Höhe der im Konkurs der H.________ AG rechtskräftig zugelassenen Forderungen der Privatkläger beziffert (fl. Akten Bel. 22 Rz. 71, 121 und 132). Der Schaden liege zum einen darin begründet, dass diese Forderungen – aufgrund des vom Beschuldigten pflichtwidrig zu verantwortenden Konkurses – in die Konkursmasse gefallen seien, womit deren Durchsetzbarkeit verunmöglicht worden sei. Zum anderen sei durch die Nichtdeponierung der Bilanz ein Verschleppungsschaden entstanden, welcher alle Privatkläger betreffe. Dieser Schaden belaufe sich auf über Fr. 5 Mio. und berechne sich aus der Differenz des bilanziellen Verlusts der H.________ AG per Ende 2016 und der Gesamtheit der im Konkurs rechtskräftig zugelassenen Forderungen (fl. Akten Bel. 22 Rz. 75-77 und 94).

Zunächst ist darauf hinzuweisen, dass die Gesamtheit der rechtskräftig kollozierten Forderungen keine bundesrechtlich verbindliche Grundlage zur Berechnung eines Konkursverschleppungsschadens bildet (BGE 132 III 342 E. 2.3.3). Ausserdem wurde im vorliegenden Urteil festgestellt, dass die begründete Besorgnis der Überschuldung (Zeitpunkt der ""hypothetischen Konkurseröffnung"") beim Beschuldigten entgegen der Anklage nicht per 31. Dezember 2016, sondern erst Mitte 2018 bestand (vgl. E. 7.1.2.5 hiervor). Für den der Misswirtschaft zugrundeliegenden Schaden wäre der Anteil aus der Konkursdividende massgebend, welcher der Privatklägerschaft durch die Erhöhung der Gesellschaftsschulden im Zeitraum von Mitte 2018 bis am 23. Januar 2019 entgangen ist. Da bereits Mitte 2018 eine Überschuldungssituation bestand, hätten die – in der 3. Klasse kollozierten – Privatkläger mutmasslich auch bei einem rechtzeitig eingeleiteten Konkurs und somit straflosen Verhalten des Beschuldigten keine Konkursdividende erhalten. Mit dem blossen Verweis auf die Differenz zwischen dem Bilanzverlust der H.________ AG per Ende 2016 und der Summe der im Konkurs zugelassenen Forderungen ist der geltend gemachte Schaden mithin nicht genügend substantiiert. Des Weiteren legen die Privatkläger nicht rechtsgenüglich dar, inwiefern die im Einzelnen geltend gemachten Schadensbeträge direktkausal auf strafbare Handlungen des Beschuldigten zurückzuführen sind. Die Frage nach dem konkreten Schaden und der Kausalität sowie den weiteren Voraussetzungen der aktienrechtlichen Organhaftung nach Art. 754 OR dürften in einem ordentlichen Zivilprozess eine inhaltlich komplexe und aufwändige kontradiktorische Auseinandersetzung zwischen Klägerschaft und R.________ nach sich ziehen. Das Strafverfahren soll indes kein ""einfaches Vehikel"" zur Durchsetzung von Zivilansprüchen sein. Das Adhäsionsverfahren nach Art. 122 ff. StPO dient nicht der Durchsetzung von Zivilansprüchen, welche nicht primär in strafrechtlich relevanten Handlungen der beschuldigten Person gründen, wie etwa der mangelhaften Erbringung eines Auftrags oder Werkvertrags. Es ist nicht Sache der Strafbehörden, die Zivilklägerschaft von den mit der Durchführung eines ordentlichen Zivilprozesses verbundenen Anstrengungen und finanziellen Risiken zu entlasten, die etwa mit der Beschaffung von Beweisen im Hinblick auf mögliche spätere Zivilprozesse verbunden sind (vgl. BGE 148 IV 432 E. 3.2.3). Der den genannten Zivilforderungen zugrundeliegende Sachverhalt ist mangels zureichender Begründung insbesondere hinsichtlich des Schadens und dessen Kausalität mit den Straftaten des Beschuldigten nicht spruchreif. Die Privatkläger M__________., L.__________ und U.________ werden mit ihren Forderungen folglich an den Zivilrichter verwiesen.

Mit Verweis auf die soeben gemachten Ausführungen besteht auch keine Grundlage für eine Gutheissung des Eventualantrags."
"2025 25: Selbständiges Einziehungsverfahren","Beispiel: Einziehung im selbständigen Einziehungsverfahren","Anträge
Die Staatsanwaltschaft beantragt (fl. Akten Bel. 1 S. 1):
Der beschlagnahmte Personenwagen AF.________ MK1 BN7, Fahrgestell-Nr. BN7 L43 04, Stamm-Nr. 105.896.815, inkl. Fahrzeugausweis und 3 Fahrzeugschlüssel (Türschloss, Zündung und Diebstahlsperre) sei in Anwendung von Art. 70 Abs. 1 StGB einzuziehen und zu verwerten. Die Verwertung sei nach Rechtskraft durch die Luzerner Polizei vorzunehmen.
Der beschlagnahmte Personenwagen Jaguar E, Fahrgestell-Nr. 890 865, Stamm-Nr. 310.883.682, inkl. Fahrzeugausweis, 2 Fahrzeugschlüssel (Türschloss und Zündung) sowie Betriebsanleitung sei in Anwendung von Art. 70 Abs. 1 StGB einzuziehen und zu verwerten. Die Verwertung sei nach Rechtskraft durch die Luzerner Polizei vorzunehmen.
Der Erlös aus der Verwertung der beiden Personenwagen AF.________ MK1 BN7, Fahrgestell-Nr. BN7 L43 04, Stamm-Nr. 105.896.815, inkl. Fahrzeugausweis, 3 Fahrzeugschlüssel (Türschloss, Zündung und Diebstahlsperre) sowie Jaguar E, Fahrgestell-Nr. 890 865, Stamm-Nr. 310.883.682, inkl. Fahrzeugausweis, 2 Fahrzeugschlüssel (Türschloss und Zündung) und Betriebsanleitung, verfalle bis zu einem Betrag von Fr. 132'000.-- dem AE.________. Ein allfälliger darüber hinausgehender Erlös sei an die Alleinerbin von †C.________, A.________, herauszugeben.

Die Einziehungsbetroffene, vertreten durch Rechtsanwalt AT.________, beantragt (fl. Akten Bel. 12 S. 1):
Der Einziehungsbefehl der Staatsanwaltschaft 2 E.________ vom 6. Dezember 2024 sei aufzuheben und die beantragte Einziehung und Verwertung der beschlagnahmten Personenwagen X.________ MK1 sowie Jaguar E sei abzuweisen.
Die Beschlagnahme der Fahrzeuge X.________ MK1, Fahrgestell-Nr. BN7 L43 04, Stamm-Nr. 108.896.815, und Jaguar E, Fahrgestell-Nr. 890 865, Stamm-Nr. 310.883.68, sei aufzuheben und die Fahrzeuge seien inkl. Fahrzeugausweisen, Schlüsseln und Bedienungsanleitung umgehend an die Eigentümerin und Einziehungsbetroffene auszuhändigen.
Unter Kosten- und Entschädigungsfolgen zulasten des Staates.

Zum Verfahren
Am 28. Februar 2022 erhob die Staatsanwaltschaft 2 E.________ beim Kriminalgericht des Kantons Luzern gegen †C._______ (nachfolgend: †C._______) u.a. Anklage wegen mehrfacher Veruntreuung und mehrfacher Geldwäscherei (Verfahren Ak-Nr. SA2 17 7246 24). In der Anklageschrift (vgl. Prozessakten Kriminalgericht Nr. 1O6 22 52 Bel. 1) wurde C.________ u.a. vorgeworfen, Gelder veruntreut zu haben, welche ihm von †B._______ anvertraut worden seien. Die veruntreuten Gelder habe er verwendet, um zwei Oldtimer Personenwagen zu erwerben (AF.________ MK1 BN7 sowie Jaguar E).

Kurz nach Anklageeinreichung, am 30. März 2022, verstarb †C.________. Am 17. Oktober 2022 erliess das Kriminalgericht deshalb einen Einstellungsbeschluss (vgl. Prozessakten Kriminalgericht Nr. 1O6 22 52 Beiblatt zu fl. Akten).

Mit Schreiben vom 17. Oktober 2023 (Posteingang bei der Staatsanwaltschaft erst am 28.11.2023) teilte die Einziehungsbetroffene und Witwe des verstorbenen †C.________ resp. dessen Alleinerbin mit, dass sie Kenntnis erlangt habe über die Standorte der Personenwagen AF.________ MK1 BN7 (in einer Garage in ________) sowie Jaguar E (in ________). In der Folge ordnete die Staatsanwaltschaft am 26. Februar 2024 deren Beschlagnahme an, welche am 28. März 2024 durch die Luzerner Polizei vollzogen wurde (Untersuchungsakten KrG-Nr. 1Q6 25 25 resp. AK-Nr. SA2 24 2206 24 [UA] Reg. 4 Bel. 2).

Mit Einziehungsbefehl vom 6. Dezember 2024 ordnete die Staatsanwaltschaft in einem selbständigen Einziehungsverfahren nach Art. 376 ff. StPO die Einziehung und Verwertung der fraglichen Personenwagen nach Massgabe von Art. 70 Abs. 1 StGB an (UA Reg. 1 Bel. 1 ff.). Am 24. Dezember 2024 erhob die Einziehungsbetroffene dagegen Einsprache (UA Reg. 4 Bel. 66 ff.), worauf die Staatsanwaltschaft am Einziehungsbefehl festhielt und diesen in sinngemässer Anwendung von Art. 356 Abs. 1 (i.V.m. Art. 377 Abs. 4) StPO zur Durchführung des Hauptverfahrens an das Kriminalgericht überwies (fl. Akten Bel. 1 und 1.1).

Am 11. August 2025 fand die Hauptverhandlung vor Kriminalgericht statt. Die Staatsanwaltschaft war von der Verhandlung dispensiert. Das Urteil wurde gleichentags gefällt und der Einziehungsbetroffenen samt einer summarischen Begründung mündlich eröffnet (fl. Akten Bel. 10 S. 2). Das Urteilsdispositiv wurde den Parteien postalisch zugestellt (fl. Akten Bel. 14).

Mit Eingabe vom 27. August 2024 (beim Kriminalgericht am 28.08.2025 eingegangen) meldete die Vertretung der Einziehungsbetroffenen Berufung gegen das Urteil an. Über das Zustelldatum des Urteilsdispositivs zuhanden der Einziehungsbetroffen bestehen widersprüchliche Angaben (vgl. Sendungsverfolgung in KRG fl. Akten Bel. 14: Am 14.08.2025 unterschriftliche Entgegennahme durch ""Empfangsperson D.________"", am 20.08.2025 unterschriftliche Entgegennahme durch den Rechtsvertreter der Einziehungsbetroffenen). Das Kriminalgericht geht einstweilen von rechtzeitiger Berufungsanmeldung aus, weshalb das Urteil schriftlich begründet wird. Im Falle einer Berufungserklärung liegt die Kompetenz zur Beurteilung der Fristwahrung beim Kantonsgericht (BGE 150 IV 342 E. 5).

Erwägungen
Im Beweis
Anlässlich der Hauptverhandlung befragte das Kriminalgericht die Einziehungsbetroffene in der Eigenschaft als Auskunftsperson (fl. Akten Bel. 11). Die im Vorfeld der Verhandlung eingereichte Stellungnahme seitens der Rechtsvertretung der Einziehungsbetroffenen nahm das Gericht praxisgemäss zu den Akten (fl. Akten Bel. 9). Der urteilsrelevante Sachverhalt ist hinreichend erstellt, weshalb sich weitere Beweiserhebungen erübrigen. Solche wurden denn auch von keiner Partei beantragt (fl. Akten Bel. 10 S. 1).

In der Sache
Rechtliches
Gemäss Art. 70 StGB verfügt das Gericht die Einziehung von Vermögenswerten, die durch eine Straftat erlangt worden sind, sofern sie nicht dem Verletzten zur Wiederherstellung des rechtmässigen Zustands ausgehändigt werden. Die Einziehung beruht auf dem Gedanken, dass sich strafbares Verhalten nicht lohnen darf (BGE 139 IV 209 E. 5.3, 129 IV 305 E. 4.2.5; BGE 117 IV 107 E. 2a; je mit Hinweisen). Diesem Grundgedanken folgend können gemäss der Praxis des Bundesgerichts auch Surrogate eines verbrecherisch erlangten Vermögenswerts eingezogen werden und es spielt grundsätzlich keine Rolle, in wessen Besitz der verbrecherisch erlangte Vermögensvorteil (zuletzt) steht (BGE 126 I 97 E. 3c; BGer-Urteil 6B_285/2018 vom 17.05.2019 E. 1.4.1 f.). Die Einziehung ist aber ausgeschlossen, wenn eine Drittperson die Vermögenswerte in Unkenntnis der Einziehungsgründe erworben hat und soweit sie für diese eine gleichwertige Gegenleistung erbracht hat oder die Einziehung ihr gegenüber sonst eine unverhältnismässige Härte darstellen würde (Art. 70 Abs. 2 StGB).

Die Einziehung erfolgt in der Regel als Nebenfolge im Rahmen eines ordentlichen Strafverfahrens. Sie ist typischerweise an eine strafrechtliche Verurteilung der beschuldigten Person geknüpft, kann aber auch bei anderen verfahrensabschliessenden Entscheiden (z.B. einer Einstellungsverfügung wegen Schuldunfähigkeit der beschuldigten Person) angeordnet werden. Ein Strafverfahren kann aus vielfältigen Gründen scheitern oder nicht durchführbar sein, beispielsweise durch den Tod oder die Flucht des Täters, dessen Unbekanntheit oder die Verjährung der strafbaren Handlung. Wäre die Einziehung starr an eine Verurteilung gebunden, käme der Grundgedanke, dass sich Straftaten finanziell nicht lohnen sollen, nicht immer zur Verwirklichung. Das selbständige Verfahren nach Art. 376 ff. StPO schliesst diese Lücke (vgl. zum Ganzen Caprara, in: Koch [Hrsg.], Onlinekommentar zur Strafprozessordnung, Version 26.01.2025, N 1 ff. zu Vorb. zu Art. 376-378). Die Anordnung der Vermögenseinziehung erfolgt grundsätzlich ohne Rücksicht auf die Strafbarkeit einer bestimmten Person. Es genügt der Nachweis einer tatbestandsmässigen und rechtswidrigen Anlasstat, dass der fragliche Vermögenswert (unmittelbar oder mittelbar) daraus erlangt worden ist (BGE 132 II 178 E. 4, 125 IV 4 E. 2a/bb) sowie - bei Dritterwerb - dass die in Art. 70 Abs. 2 StGB genannten Gründe nicht entgegenstehen.

Tatsächliches
Es ist daher nachfolgend die Frage zu klären, ob die verfahrensgegenständlichen Personenwagen ein Surrogat eines durch eine Straftat erlangten Vermögensvorteils darstellen.

Die Staatsanwaltschaft macht geltend, †C.________ habe sich der mehrfachen Veruntreuung gemäss Art. 138 Ziff. 1 und 2 StGB strafbar gemacht, indem er am 28. April 2011 der S.________ den Auftrag erteilt habe, Fr. 200'000.-- von einem auf †B.________ lautenden Konto auf das Konto der T.________ für (nachfolgend: U.________) bei der Luzerner V.________ AG zu überweisen. Dasselbe gelte für die Überweisungen, welche derselbe am 1. Mai 2012 (Fr. 100'000.--), 19. Juli 2013 (Fr. 20'000.--) und 23. Juli 2013 (Fr. 12'000.‑‑) zu Lasten von †B.________ auf das Konto bei der W.________, lautend auf die C._________ Treuhand GmbH, veranlasst habe.

In objektiver Hinsicht steht aufgrund der vorliegenden Sachbeweismittel fest, dass †C.________ die am 28. April 2011 überwiesenen Fr. 200'000.-- dafür nutzte, den Kaufpreis für den Kauf des X.________ im Umfang Fr. 120'000.-- vollumfänglich zu finanzieren. Von der Überweisung vom 1. Mai 2012 (Fr. 100'000.--) nutzte er mindestens Fr. 70'000.--, um den Kaufpreis des Oldtimers Jaguar E im Umfang von Fr. 120'000.-- zu finanzieren. Den Restbetrag von Fr. 142'000.-- verbrauchte †C.________ unbestrittenermassen grösstenteils (Barabhebungen im Umfang von über Fr. 100'000.--) für unbekannte private Zwecke (vgl. UA SA2 17 7246 24 Reg. 2 Bel. 6 ff. Ziff. 16 ff., Bel. 14 ff. Ziff. 36 ff., Bel. 29, Bel. 32 ff. Ziff. 94 ff., Bel. 66 ff. Ziff. 145 ff., Bel. 70 Ziff. 161, Bel. 71).

†C.________ machte zu Lebzeiten geltend, dass es sich bei den Überweisungen von gesamthaft Fr. 332'000.--, die letztlich alle in seine Verfügungsgewalt geflossen sind, um rechtmässige Honorarzahlungen für seine treuhänderischen Dienstleistungen gehandelt habe. Die Einziehungsbetroffene schliesst sich diesem Standpunkt an (fl. Akten Bel. 9 und 11 Ziff. 3).

Wie die Staatsanwaltschaft im angefochtenen Entscheid detailliert darlegt und überdies bereits einem zivilrechtlichen Urteil des Bezirksgerichts Y.________ vom 3. Januar 2018 so festgestellt worden ist (vgl. UA SA2 17 7246 24 Reg. 11 Bel. 113 ff.), machte †C.________ insbesondere zu Beginn widersprüchliche und unbelegte Angaben über den Rechtsgrund, den Zweck und die Verwendung der fraglichen Bezüge. Auch die Erhebungen der Geschädigten bei der U.________ brachten hervor, dass †C.________ zu den Vorgängen wahrheitswidrige Erklärungen abgab (UA SA2 17 7246 24 Reg. 11 Bel. 41 ff. und 50 ff.). Die ""Faktura"", welche †C.________ zur Rechtfertigung der Überweisung der Fr. 200'000.-- ins Recht legte (vgl. UA SA2 17 7246 24 Reg. 11 Bel. 65), ist aus mehreren – von der Staatsanwaltschaft im Einzelnen dargelegten – Gründen zweifelhaft. Sie entspricht nicht den Angaben und Buchhaltungsvermerken, welche †C.________ zu den Gründen der Zahlung gegenüber der U.________ machte, wonach es sich um ein Darlehen von †B.________ zur Überbrückung eines Liquiditätsengpasses bei der U.________ gehandelt habe. Überdies steht sie in Diskrepanz zur Honorar-Abrechnung für sämtliche treuhänderischen Dienstleistungen in der Familie von †B.________ über die Jahre 2006-2014 vom 30. Juni 2014 (vgl. UA SA2 17 7246 24 Reg. 11 Bel. 40), welche †C.________ augenscheinlich im Glauben ausgefertigt hatte, die vorgenommenen (ungerechtfertigten) Bezüge von Fr. 332'000.-- seien unerkannt geblieben und würden auch künftig nicht erkannt werden. Das Kriminalgericht hat daher keinerlei Zweifel daran, dass es sich bei der von †C.________ ins Recht gelegten ""Faktura"" um eine nachträglich angefertigte Urkunde handelt und †B.________ den Vermerk ""mit Dank"" und ihre Unterschrift – soweit sie überhaupt Urheberin ist – anbrachte, ohne die Bedeutung des Erklärungsgehalts im vorliegenden Kontext zu kennen.

Die erwähnte Honorar-Abrechnung vom 30. Juni 2014 macht überdies deutlich, dass die Bezüge von insgesamt Fr. 332'000.-- nicht einem Honoraranspruch entsprachen, sondern vielmehr ohne Rechtsgrund erfolgt sind. †C.________ bzw. seine damalige Gesellschaft liess sich für die Treuhanddienstleistungen in den vorhergehenden Jahren mittels der Honorar-Abrechnung vom 30. Juni 2014 entschädigen.

Soweit die Einziehungsbetroffene geltend macht, †C.________ habe aufgrund seiner Erkrankung keine Gelegenheit mehr gefunden, die im Strafverfahren angehobenen Vorwürfe mit entgegenstehenden Beweisen zu entkräften (UA Reg. 4 Bel. 34 ff.), ist darauf zu entgegen, dass dieser – bspw. in zuvor erfolgten Zivilverfahren – jahrelang Gelegenheit hatte, die fraglichen Beweise aufzulegen, wenn sie bestanden hätten. Die Einrede, dass †C.________ im Zivilverfahren keine Rechtsvertretung zur Seite gestanden habe, ist unbehilflich. Als Treuhänder hätte er das entsprechende Wissen und die Fähigkeiten gehabt, sich gegen den Rückforderungsanspruch begründet zur Wehr zu setzen.

Unter Würdigung der von der Staatsanwaltschaft in Ziff. 8 des angefochtenen Einziehungsbefehls nachvollziehbar dargelegten Umstände, welche an dieser Stelle nicht wiederholt werden müssen, hat das Kriminalgericht keinerlei Zweifel daran, dass †C.________ den Betrag von Fr. 332'000.-- unrechtmässig in seinem Nutzen verwendet hat, womit eine tatbestandmässig und rechtswidrig begangene Straftat im Sinne von Art. 138 Ziff. 1 und 2 StGB vorliegt. Dass die Einziehungsbetroffene mit der Erbengemeinschaft †B.________ Pascher im Vergleich vom 31. Mai 2023 vereinbarte, in gütlicher Auseinandersetzung der Rechtsstreitigkeit Fr. 200'000.-- zu bezahlen (UA Reg. 4 Bel. 7‑9), ändert nichts an der soeben festgestellten Tatbestandsmässigkeit. Diesem Umstand ist indes im Rahmen der Einziehung Rechnung zu tragen (sogleich). 

Folgen
Da †C.________ die beiden Personenwagen X.________ und Jaguar E mit deliktisch erlangten Geldern erworben hat, stellen diese Surrogate des Deliktserlöses dar. Daher sowie aufgrund dessen, dass mittlerweile eine Vergleichszahlung erfolgt ist, fällt eine Aushändigung an die Geschädigte ausser Betracht (BGE 139 IV 209 E. 5.3). Art. 70 Abs. 2 StGB findet sodann keine Anwendung, da die Einziehungsbetroffene für den Erwerb der fraglichen Oldtimer keine gleichwertige Gegenleistung erbracht hat. Im Übrigen wusste sie im Erwerbszeitpunkt, dass die fraglichen Oldtimer angesichts des Verdachts, Verbrechenssurrogate darzustellen, zur Fahndung ausgeschrieben waren. Von einem Erwerb in Unkenntnis der Einziehungsgründe kann somit keine Rede sein.

Beim Personenwagen X.________ handelt es sich um ein vollständig mit deliktisch erworbenen Mitteln finanzierten Vermögenswert, womit er nach Art. 70 Abs. 1 StGB einzuziehen ist.

Gemäss dem unzweifelhaft festgestellten Sachverhalt wurde der Jaguar E lediglich zu Teilen aus deliktisch erlangten Vermögenserlös finanziert (Fr. 70'000.-- des Kaufpreises von gesamthaft Fr. 120'000.--). Die Vertretung der Einziehungsbetroffenen macht geltend, eine Einziehung wäre unzulässig, da dies eine mit der Zielsetzung von Art. 70 StGB nicht kompatible Annäherung an diese Vermögensstrafe bedeuten würde (fl. Akten Bel. 12 Ziff. 14).

Wie in dieser Ausgangslage zu verfahren ist, ist nicht abschliessend geklärt. Die Lehre schlägt grösstenteils – allenfalls unter Gewährung eines Auskaufrechts – die Verwertung vor, was einer Einziehung gleichkommt (vgl. AA.________, in: Ackermann [Hrsg.], Kommentar Kriminelles Vermögen - AB.________, Bd. I, Zürich/Basel/Genf 2018, N 261 zu Art. 70 StGB mit Verweis auf AC.________, in: Ders. [Hrsg.], Kommentar Einziehung - Organisiertes Verbrechen - Geldwäscherei, Bd. I, 2. Aufl., N 63 f. zu Art. 70-72 StGB und AD.________, BSK Strafrecht I, 4. Aufl., N 46 zu Art. 70/71). Das Bundesgericht hat diese Konstellation bislang weitgehend dem richterlichen Ermessen überlassen (BGer-Urteil 6B_184/2012 vom 11.10.2012 E. 3.1).

In Anbetracht, dass es sich bei der Einziehung um einen erheblichen Grundrechtseingriff  handelt (welcher vorliegend eine Drittperson betrifft), womit der Gesetzeswortlaut bzw. der Anwendungsbereich von Art. 70 Abs. 1 StGB zurückhaltend zu interpretieren ist, ist in vorliegender Konstellation darauf zu entscheiden, dass es sich beim Jaguar E nicht um einen Vermögenswert handelt, welcher (vollumfänglich) ""durch eine Straftat"" erlangt worden ist. Der Jaguar E kann daher nicht eingezogen werden. Da die deliktisch erwirkten Fr. 70'000.-- und entsprechende unmittelbare Surrogate nicht mehr vorhanden sind, tritt an deren Stelle gemäss Art. 71 Abs. 1 StGB in dieser Höhe eine Ersatzforderung gegen die Einziehungsbetroffene. 

Durch diese Lösung erhält die Einziehungsbetroffene die Wahlfreiheit, wie sie den ihr zugekommenen deliktisch erwirkten Vermögenserlös restituieren will. Die Eigentumsfreiheit bleibt gewahrt.

Dass ein Anwendungsfall von Art. 71 Abs. 2 StGB vorläge ist weder ersichtlich noch glaubhaft geltend gemacht. Der Einziehungsbetroffenen wurden im Rahmen der Einstellung des Verfahrens gegen †C.________ Fr. 96'000.-- Franken ausgehändigt, überdies wird ihr der Jaguar E zur freien Verfügung ausgehändigt. Ferner hat die Einziehungsbetroffene (wertmässig) Fr. 132'000.-- an den AE.________ zu restituieren und erhält einen allfälligen Verwertungserlös betreffend den X.________, welcher darüber hinausgeht, zurück resp. wäre bei einem Verwertungserlös von mehr als Fr. 62'000.-- eine bloss reduzierte Ersatzforderung schuldig (vgl. E. 2.3.4 hiernach).

Es bestünde die Möglichkeit, zur Sicherung der Ersatzforderung die Beschlagnahme des Jaguar E über den Urteilszeitpunkt hinaus aufrecht zu erhalten (vgl. Art. 263 Abs. 1 lit. e StPO). Da keine Anzeichen dafür bestehen, dass die Einziehungsbetroffene offenen Schulden nicht nachkommt, und mit vorliegendem Urteil ein definitiver Rechtsöffnungstitel gegen eine situierte und sesshafte Person besteht und im Übrigen zu erwarten ist, dass ein Teil des Verwertungserlös des X.________ an die Ersatzforderung angerechnet werden kann, wird die Beschlagnahme des Jaguar E aufgehoben. Der Jaguar E ist nach Rechtskraft des vorliegenden Urteils an die Einziehungsbetroffene auszuhändigen.

Dem Gedanken, dass sich Straftaten finanziell nicht lohnen sollen, ist der Umstand Rechnung zu tragen, dass die Einziehungsbetroffene der Geschädigten eine Vergleichszahlung von Fr. 200'000.-- ausgerichtet hat (vgl. BGE 139 IV 209 E. 5.3; E. 2.2.5 hiervor). Da sich der Deliktsbetrag auf Fr. 332'000.-‑‑ beläuft, ist dem erwähnten und dem Einziehungsrecht zugrunde liegenden Zweck vollumfänglich Genüge getan, wenn die Einziehungsbetroffene Fr. 132'000.‑‑ an den AE.________ restituiert. Daher ist ein allfälliger Verwertungserlös betreffend den Personenwagen X.________, welcher über Fr. 132'000.-- hinausgeht, an die Einziehungsbetroffene herauszugeben. Aufgrund derselben Überlegung reduziert sich der Betrag der Ersatzforderung entsprechend dem Teil, welcher über einen Verwertungserlös von Fr. 62'000.-- (Fr. 132'000.-- abzüglich Fr. 70'000.--) hinausgeht (erläuterndes Beispiel: Wird der Personenwagen X.________ für Fr. 100'000.-- verwertet, geht der Verwertungserlös im Umfang von Fr. 38'000.-- über Fr. 62'000.-- hinaus. Somit hat Einziehungsbetroffene dem Kriminalgericht lediglich noch eine Ersatzforderung von Fr. 32'000.-- zu bezahlen, weil sich die ursprüngliche Ersatzforderung von Fr. 70'000.-- um Fr. 38'000.-- auf Fr. 32'000.-- reduziert hat).

Kosten
Nach Art. 423 StPO hat der Kanton sämtliche Kosten des vorliegenden selbständigen Einziehungsverfahrens selbst zu tragen. Die Gerichtsgebühr beträgt Fr. 2'000.-- und wird, sowie auch die Auslagen im Umfang von Fr. 12'892.--, zulasten des Staates abgeschrieben.

Gemäss Art. 434 Abs. 1 StPO haben Dritte Anspruch auf angemessenen Ersatz ihres nicht auf andere Weise gedeckten Schadens sowie auf Genugtuung, wenn sie durch Verfahrenshandlungen Schaden erlitten haben. Da die Einziehungsbetroffene in vorliegendem Verfahren keinen unrechtmässig zugefügten Vermögensnachteil erfahren hat, besteht kein Entschädigungs- oder Genugtuungsanspruch. Die Kosten ihrer Rechtsvertretung trägt die Einziehungsbetroffene selbst.

Urteilsspruch
Der beschlagnahmte Personenwagen AF.________ MK1 BN7, Fahrgestell-Nr. BN7 L43 04, Stamm-Nr. 105.896.815, inkl. Fahrzeugausweis, 3 Fahrzeugschlüssel (Türschloss, Zündung und Diebstahlsperre), wird in Anwendung von Art. 70 Abs. 1 StGB eingezogen und nach Rechtskraft des Urteils durch die Luzerner Polizei verwertet. 

Die Beschlagnahme des Personenwagens Jaguar E, Fahrgestell-Nr. 890 865, Stamm-Nr. 310.883.682, inkl. Fahrzeugausweis, 2 Fahrzeugschlüssel (Türschloss und Zündung) sowie Betriebsanleitung, wird aufgehoben. Der Personenwagen wird A.________ innert 30 Tagen nach Rechtskraft des Urteils gegen Empfangsbescheinigung ausgehändigt, ansonsten verwertet. Ein allfälliger Verwertungserlös verfällt dem AE.________.

A.________ hat dem Kriminalgericht eine Ersatzforderung im Sinne von Art. 71 Abs. 1 StGB von Fr. 70'000.-- zu bezahlen.

Der Erlös aus der Verwertung des Personenwagens AF.________ MK1 BN7, Fahrgestell-Nr. BN7 L43 04, Stamm-Nr. 105.896.815, inkl. Fahrzeugausweis, 3 Fahrzeugschlüssel (Türschloss, Zündung und Diebstahlsperre) verfällt bis zu einem Betrag von Fr. 132'000.-- dem AE.________. Ein allfälliger darüber hinausgehender Erlös wird A._______ herausgegeben.

Die Ersatzforderung des Kriminalgerichts gegen A.________ reduziert sich im Betrag, als der Verwertungserlös aus der Verwertung des Personenwagens AF.________ über Fr. 62'000.-- hinausgeht. Übersteigt der Verwertungserlös Fr. 132'000.--, ist die Ersatzforderung nicht mehr geschuldet.

Die Gerichtsgebühr beträgt Fr. 2'000.--. Die Gerichtsgebühr sowie die Auslagen im Umfang von Fr. 12'892.-- werden zulasten des Staates abgeschrieben.

Die Kosten ihrer Rechtsvertretung trägt die Einziehungsbetroffene selbst. 

Gegen dieses Urteil wurde Berufung angemeldet. Die Partei, die Berufung angemeldet hat, hat dem Kantonsgericht innert 20 Tagen seit der Zustellung des begründeten Urteils eine schriftliche Berufungserklärung einzureichen, die den Anforderungen von Art. 399 Abs. 3 und 4 StPO zu genügen hat. 

Dieses Urteil wird der Einziehungsbetroffenen (über den Rechtsvertreter), der Staatsanwaltschaft 2 E.________, der Oberstaatsanwaltschaft, der Geschädigten (Zustellung an alle Mitglieder der Erbengemeinschaft) und dem Kantonsgericht Luzern (samt Akten) zugestellt. Der Rechtsvertreter der Einziehungsbetroffenen erhält eine Orientierungskopie. Nach Rechtskraft wird das Urteil der Luzerner Polizei (Vollzugshandlungen) und dem Bundesamt für AI.________ (Art. 6 TEVG) mitgeteilt.

"
"2020 189: Verlängerung stationäre Massnahme","Beispiel: Beschluss Verlängerung stätionäre Massnahme","Begründung
Sachverhalt
Mit Urteil des Kriminalgerichts des Kantons Luzern Luzern vom 20. Januar 2016 wurde A.________ (nachfolgend: Verurteilter) wegen einfacher Körperverletzung, mehrfacher Tätlichkeiten, Sachbeschädigung, mehrfacher Drohung, Brandstiftung, Widerhandlungen gegen das Personenbeförderungsgesetz und mehrfacher Widerhandlungen gegen das Betäubungsmittelgesetz zu einer Freiheitsstrafe von zwei Jahren verurteilt. Der Vollzug der Freiheitsstrafe wurde zugunsten einer stationären therapeutischen Massnahme (u.a.) im Sinne von Art. 59 StGB aufgeschoben (VBD act. 13.4).

Mit Eingabe vom 6. November 2020 beantragte der Vollzugs- und Bewährungsdienst des Kantons Luzern (VBD) nach Massgabe von Art. 59 Abs. 4 StGB die Verlängerung der angeordneten stationären Massnahme um weitere zwei Jahre (fl. Akten Bel. 1).

Sowohl die Staatsanwaltschaft wie auch Der Verurteilte nahmen zu den Anträgen des VBD Stellung, wobei der Beschuldigte sich mit der Verlängerung der Massnahme einverstanden erklärte (vgl. fl. Akten Bel. 4 f.).

Mit ausdrücklicher Zustimmung der Staatsanwaltschaft und des Verurteilten ergeht der vorliegende Beschluss in einem rein schriftlichen Verfahren.

Erwägungen
Das Gericht, welches das erstinstanzliche Urteil gefällt hat, trifft auch die einer gerichtlichen Behörde übertragenen selbständigen nachträglichen Entscheide, sofern Bund und Kantone nichts anderes bestimmen (Art. 363 Abs. 1 StPO). Für die selbständigen nachträglichen Entscheide in Strafverfahren gegen Erwachsene ist der Einzelrichter oder die Einzelrichterin zuständig, ausser bei der Verwahrung und der stationären Behandlung, wo die Abteilung zuständig ist (§ 34 Abs. 3 i.V.m. § 35 Abs. 2 lit. d des Gesetzes über die Organisation der Gerichte und Behörden in Zivil-, Straf- und verwaltungsrechtlichen Verfahren [Justizgesetz, JusG, SRL 260]). Der Vollzugs- und Bewährungsdienst stellt beim erstinstanzlichen Gericht Antrag, wenn nach Bundesrecht ein Gericht einen nachträglichen Entscheid zu fällen hat (§ 4 Abs. 1 des Gesetzes über den Justizvollzug [JVG, SRL 305] und § 38 Abs. 2 der Verordnung über den Justizvollzug [JVV, SRL 327]).

Somit ist vorliegend das Kriminalgericht des Kantons Luzern - in Dreierbesetzung - für die zu treffende Entscheidung betreffend die Verlängerung der stationären Massnahme zuständig.

Der mit der stationären Behandlung verbundene Freiheitsentzug beträgt in der Regel höchstens fünf Jahre. Sind die Voraussetzungen für die bedingte Entlassung nach fünf Jahren noch nicht gegeben und ist zu erwarten, durch die Fortführung der Massnahme lasse sich der Gefahr weiterer mit der psychischen Störung des Täters in Zusammenhang stehender Verbrechen und Vergehen begegnen, so kann das Gericht auf Antrag der Vollzugsbehörde die Verlängerung der Massnahme um jeweils höchstens fünf Jahre anordnen (Art. 59 Abs. 4 StGB). Zusätzlich zu den in Art. 59 Abs. 4 StGB genannten Voraussetzungen müssen auch die all­gemeinen Voraussetzungen der Anordnung einer Massnahme nach Art. 56 StGB und Art. 59 StGB erfüllt sein (Trechsel/Pauen Borer, in Trechsel/Pieth [Hrsg.], StGB Praxiskommentar, 3. Aufl., N 1 zu Art. 59; BGE 142 IV 105 E. 5.3 f.), es bedarf mithin einer schweren psychischen Störung, die zu den Anlasstaten geführt hat, einer nach wie vor bestehenden Rückfallgefahr, die in der gegebenen psychischen Störung gründet, sowie einer für die Herabsetzung der Rückfallgefahr wirksamen Behandelbarkeit des Täters. Zudem setzt die Verlängerung einer Massnahme überdies voraus, dass der mit ihr verbundene Eingriff in die Persönlichkeitsrechte des Täters im Hinblick auf die Wahrscheinlichkeit und Schwere weiterer Straftaten nicht unverhältnismässig ist (Heer, BSK Strafrecht I, 4. Aufl., N 128 zu Art. 59; Trechsel/Pauen Borer, a.a.O., N 15 zu Art. 59), wobei sich der Verhältnismässigkeitsgrundsatz in die drei Teilbereiche Eignung, Erforderlichkeit und Angemessenheit (Zweck-Mittel-Relation) gliedert. Bei der Prüfung des Zweck-Mittel-Verhältnisses fällt im Rahmen einer Gesamtwürdigung auf der einen Seite insbesondere die Schwere des Eingriffs in die Freiheitsrechte des Betroffenen in Betracht. Auf der anderen Seite sind das Behandlungsbedürfnis des Betroffenen sowie die Schwere und die Wahrscheinlichkeit künftiger Straftaten relevant (BGE 135 IV 139 E. 2.4; BGer-Urteil 6B_1190/2013 vom 26.05.2014, E. 4.2 f.; Heer, a.a.O., N 36 zu Art. 56; Trechsel/Pauen Borer, a.a.O., N 6 f. zu Art. 56).

Mit Verlaufsgutachten vom 31. August 2020 diagnostizierte med. P.________ beim Verurteilten eine emotional instabile Persönlichkeitsstörung vom impulsiven Typus (ICD-10: F60.31), eine psychotische Störung mit wiederholten schizophreniform psychotischen Episoden und einem leichten Residualzustand, wobei allerdings die formalen Kriterien einer Schizophrenie nach wie vor nicht erfüllt seien, und eine Störung durch multiplen Substanzgebrauch mit einer Abhängigkeit von Alkohol und Cannaboiden, derzeit abstinent in beschützender Umgebung (F19.21), sowie mit einem schädlichen Gebrauch von Kokain und Heroin (VBD act. 16.18 S. 54). Diese Diagnosen reihen sich ohne Widerspruch in die Befunde der psychiatrischen Gutachten vom 21. Oktober 2013 und 18. Juli 2017 ein, in denen dem Verurteilten zumindest eventualiter - wenn auch in unterschiedlichen Ausprägungen - immer eine verhaltensrelevante Persönlichkeitsstörung attestiert wurde (vgl. VBD act. 16.5 S. 61, 16.13 S. 77). Damit liegt eine für die Anlasstaten relevante, schwere psychische Störung im Sinne von Art. 59 Abs. 1 StGB vor.

Im Verlaufsgutachten vom 31. August 2020 beurteilte der Gutachter die Rückfallgefahr für Gewaltdelikte inkl. Drohungen, Brandstiftung und Eigentumsdelikte inkl. Hausfriedensbruch als ""moderat"" und diejenige für Widerhandlungen gegen das Betäubungsmittelgesetz als ""hoch"". Der Gutachter wies überdies darauf hin, dass die Rückfallgefahr für Gewalt- und Eigentumsdelikte bei Konsum von Betäubungsmitteln auf ein ""moderates bis deutliches oder gar auf ein deutliches Risiko"" ansteigen würde (VBD act. 16.18 S. 58 f.).

Die gutachterliche Einschätzung der Rückfallgefahr erweist sich insbesondere vor dem Massnahmen- und Therapieverlaufsbericht der R.________ vom 19. Oktober 2020 (VBD act. 2.66) als nachvollziehbar. Darin wird geschildert, dass sich beim Verurteilten seit dem letzten Bericht (datierend vom 13.02.2020) eine ""deutliche Krise"" ereignet habe (S. 1). Die Ausgangsstufe sei schrittweise gelockert worden und Der Verurteilte habe eine Stunde unbegleiteten Ausgang auf dem Areal der Klinik bekommen: Diesen Freiraum habe er genutzt, um Cannabis zu erwerben, zu konsumieren und auf die Station zu schmuggeln (S. 5 f.). Zudem sei es auch seine Absicht gewesen, auf dem Areal sexuelle Kontakte zu unterhalten, wofür er bereits Kondome erworben habe (S. 5). Die nachfolgende Aufarbeitung dieser Vorfälle habe sich infolge der Disziplinierung wegen Betäubungsmittelkonsum und ‑besitz als schwierig erwiesen. Der Verurteilte habe angegeben, dass er es ohne Konsum von Drogen bzw. Cannabis ""nicht aushalte"". Die Klinik schloss daher darauf, dass trotz gewisser Verbesserungen im Behandlungsverlauf (Behandlungseinsicht, ""Therapieadhärenz mit Medikamenten-Compliance"") die emotional instabilen Persönlichkeitsverhältnisse des Verurteilten aktuell in den Vordergrund gerückt seien. Es sei dringend erforderlich, mit dem U.________ eingehend den Suchtmittelmissbrauch zu thematisieren, damit er den Zusammenhang zum deliktischen Verhalten erkenne und ""daran arbeite"" (S. 6). Der Verurteilte bedürfe eine ""engmaschige Unterstützung und ein gut strukturiertes Behandlungssetting"", um das Rückfallrisiko reduzieren zu können. Bei einem aktuellen Austritt sei zu befürchten, dass Der Verurteilte rückfällig werde, dies habe er mit dem Drogenkonsum bei den ersten unbegleiteten Ausgangseinheiten bewiesen. Der Drogenkonsum gepaart mit der emotional instabilen Persönlichkeitsstruktur sowie die geringe Frustrationstoleranz und die mangelnde Fähigkeit, die eigenen Bedürfnisse aufzuschieben, könnten mit hoher Wahrscheinlichkeit zu erneuten Delikten führen. Mit einer Fortsetzung der stationären Massnahme könnten diese Themen weiterbearbeitet werden, um so das Rückfallrisiko erheblich zu reduzieren (S. 7).

Der Beschuldigte hat während des Vollzugs der therapeutischen Massnahme immer wieder kundgetan, dass er nicht bereit und gewillt ist, auf den Konsum von Betäubungsmitteln bzw. Cannabis zu verzichten (vgl. VBD act. 2.19 S. 5, 17.8 S. 6). Dokumentiert ist insbesondere ein erhebliches Verlangen nach Cannabiskonsum und in diesem Zusammenhang stehende Verhaltensauffälligkeiten (VBD act. 2.46 S. 6). Die jüngsten Entwicklungen deuten darauf hin, dass Der Verurteilte nach wie vor noch nicht gewillt resp. fähig ist, vom Konsum berauschender Substanzen Abstand zu nehmen, womit die gutachterliche Prognose eines hohen Rückfallrisikos von Widerhandlungen gegen das Betäubungsmittelgesetz bzw. eine ""Rückkehr in die Drogenszene"" ohne Weiteres nachvollziehbar erscheint. Weiter ist die gutachterliche Einschätzung, wonach sich die Gefahr für Gewalt- und Eigentumsdelikte bei entsprechendem Betäubungsmittelkonsum signifikant steigern würde, vor dem Hintergrund der beim Verurteilten diagnostizierten Persönlichkeitsstörung als auch vor der Tatsache, dass dem Verurteilten - soweit ersichtlich - kein stützender Empfangsraum (Wohn- und Arbeitssituation) zur Verfügung steht, verständlich und wird auch vom Kriminalgericht geteilt. 

Zusammenfassend ist somit festzustellen, dass im Falle einer bedingten Entlassung ein überdurchschnittliches Risiko erneuter, auf die psychische Störung zurückgehender Straftaten bestünde. Dem Verurteilten konnte bislang noch nicht mal die Gelegenheit gegeben werden, sich in progressiven Stufenlockerungen (z.B. in einem AEX oder WAEX) zu bewähren, weil er die eingeräumten Bewährungsproben schon bei anfänglichen unbegleiteten Ausgängen nicht zu ""packen"" vermocht hat. Damit geht vom Verurteilten nach wie vor eine Rückfallgefahr aus, welche eine Verlängerung der Massnahme rechtfertigt.

Sowohl med. P.________ als auch die X.________ gehen davon aus, dass eine intensive Auseinandersetzung mit der bestehenden Suchtmittelproblematik als auch die Deliktsarbeit, womit mit dem Verurteilten ein verbessertes Verständnis des Deliktsmechanismus seiner Taten erarbeitet werden solle, langfristig einen rückfallpräventiven Effekt innehaben können (VBD act. 16.18 S. 60, 2.66 S. 7). Der bisherige Behandlungsverlauf hat denn auch gezeigt, dass Der Verurteilte durchaus fähig ist, an sich und seinem Verhalten zu arbeiten (vgl. etwa die Empfehlung der KoFaKO-Beurteilung vom 23.03.2020, wonach eine Verlängerung der Massnahme nicht angezeigt sei, VBD act. 17.11 S. 10). Der Staatsanwaltschaft ist beizupflichten, dass es dem Verurteilten nach einem insgesamt schwierigen Start in die Therapie gelungen ist, kontinuierliche kleine Fortschritte zu machen. Indem Der Verurteilte der Verlängerung der stationären therapeutischen Massnahme zustimmt, dokumentiert er auch eine gewisse Einsicht, dass er nach wie vor eine rückfallsenkende Behandlung benötigt und somit nach wie vor einer stationären Massnahme bedürftig ist.

Der Verurteilte befindet sich seit seiner Inhaftierung vom 10. Juli 2013 in strafrechtlich begründeter Unfreiheit (Untersuchungshaft, vorzeitiger Strafvollzug, stationärer Massnahmenvollzug). Damit ist die ausgesprochene Freiheitstrafe für die Anlasstaten bereits um ein Mehrfaches durch die Dauer des Massnahmenvollzugs abgegolten. Nichtsdestotrotz überwiegen die Interessen der Öffentlichkeit an einer Verlängerung der Massnahme um weitere zwei Jahre das persönliche Interesse des Beschuldigten auf Nichtverlängerung und Entlassung aus dem Massnahmenvollzug. Die jüngsten Entwicklungen deuten darauf hin, dass Der Verurteilte ohne begleitende Therapie und auf sich selbst gestellt mit hoher Wahrscheinlichkeit wieder in die ""Drogenszene"" und die damit verbundene Beschaffungskriminalität ""abrutschen"" könnte, womit die Gefahr von in seiner Persönlichkeit liegenden Gewaltdelikten erheblich anstiege. Eine (zu frühe) Entlassung aus dem strukturierten Behandlungssetting trüge überdies das Potential in sich, die während den letzten Jahren langwierig erarbeiteten Fortschritte auf einen Schlag zunichte zu machen. Daher ist es notwendig, die erzielten Behandlungsfortschritte im Rahmen einer Massnahmeverlängerung zu vertiefen und - in einem stetig progressiveren Setting - zu erproben. Da Der Verurteilte noch mehrere Lockerungsstufen zu absolvieren hat, erscheint die beantragte Dauer der Verlängerung von zwei Jahren zwingend erforderlich. Die Verlängerung der stationären therapeutischen Massnahme ist daher, obwohl ihre Dauer über die Sanktion der Anlasstaten hinausgeht, verhältnismässig.

Im Ergebnis steht für das Kriminalgericht fest, dass die Voraussetzungen für eine Verlängerung der stationären Massnahme nach Art. 59 Abs. 4 StGB um zwei Jahre gegeben sind, womit dem Antrag des VBD stattzugeben ist.

Die Gebühr des vorliegenden Verfahrens wird in Anwendung von § 1 Abs. 1 und § 19 Abs. 1 lit. b der Verordnung über die Kosten in Zivil-, Straf- und verwaltungsgerichtlichen Verfahren (JusKV, SRL 260) auf Fr. 1'000.-- festgesetzt und dem Staat auferlegt (Art. 423 und 426 StPO; BGer-Urteil 6B_428/2012 vom 19.11.2012, E. 3.3 und Urteil des Kantonsgerichts Luzern 4P 13 8 vom 03.04.2014, E. 5.1).

Vorliegend werden dem Verurteilten keine Kosten auferlegt, weshalb das Honorar der amtlichen Verteidigung auf 100 % der Gebühr festzusetzen ist (§ 22 Abs. 2 JusKV). 

Die Gebühr des ordentlich amtlichen Verteidigers, Rechtsanwalt lic. iur. J.________, wird für das Verfahren vor Kriminalgericht antragsgemäss auf Fr. 345.-- festgesetzt. Diese vergütet das Kriminalgericht zu 100 %, zuzüglich die Mehrwertsteuer von Fr. 26.55, total somit Fr. 371.55 (fl. Akten Bel. 6).

Rechtsspruch
Die mit Urteil des Kriminalgerichts des Kantons Luzern vom 20. Januar 2016 angeordnete stationäre therapeutische Massnahme nach Art. 59 StGB wird um weitere zwei Jahre, d.h. bis zum 19. Januar 2023, verlängert.

Alle Kosten des Verfahrens werden dem Staat überbunden. 

Die Gerichtsgebühr beträgt Fr. 1'000.--.

Die Gebühr des ordentlich amtlichen Verteidigers, Rechtsanwalt lic. iur. J.________, wird für das Verfahren vor Kriminalgericht auf Fr. 345.-- festgesetzt. Diese vergütet das Kriminalgericht zu 100 %, zuzüglich die Mehrwertsteuer von Fr. 26.55, total somit Fr. 371.55.

Gegen diesen Beschluss ist die Beschwerde zulässig. Sie ist innert 10 Tagen schriftlich und begründet bei der Beschwerdeinstanz (Kantonsgericht) einzureichen. 

Dieser Beschluss wird A.________ (über den Verteidiger), der Staatsanwaltschaft 1 Luzern, dem Vollzugs- und Bewährungsdienst, der Oberstaatsanwaltschaft sowie der R.________ zugestellt. Der Verteidiger erhält eine Orientierungskopie. Nach Rechtskraft wird der Beschluss der Strafregisterbehörde mitgeteilt."
"24 212: nachträgliche Anordnung Sicherheitshaft","Beispiel: nachträgliche Anordnung Sicherheitshaft nach Urteilsspruch im Begründungsstadium
Im Verfahrensstadium der Urteilsbegründung ist das Kriminalgericht für die nachträgliche Anordnung der Haft zuständig.
Das Kriminalgericht hat eine Hafteinvernahme durchzuführen","Sachverhalt
Mit Urteil vom 21. Januar 2026 verurteilte das Kriminalgericht den Beschuldigten G.________ wegen versuchter (eventual-)vorsätzlicher Tötung nach Art. 111 i.V.m. Art. 22 Abs. 1 StGB und Gewalt und Drohung gegen Behörden und Beamte nach Art. 285 Ziff. 1 StGB unter Anrechnung bereits erstandener Untersuchungshaft zu einer Freiheitsstrafe von 4 Jahren und verwies ihn gestützt auf Art. 66a Abs. 1 lit. a StGB für die Dauer von 15 Jahren des Landes (inkl. Ausschreibung im SIS; fl. Akten Bel. 39). 

Mit Eingabe vom 29. Januar 2026 wandte sich der Vollzugs- und Bewährungsdienst (VBD) an das Kriminalgericht und ersuchte dieses um Prüfung der Anordnung von Sicherheitshaft. Zur Begründung wurde ausgeführt, der Beschuldigte habe im Anschluss an die kriminalgerichtliche Hauptverhandlung vom 21. Januar 2026 um 12:36 Uhr durch die Luzerner Polizei nur unter massivster Gegenwehr zum Zwecke des Vollzugs verschiedener Ersatzfreiheitsstrafen (aktuelles Vollzugsende: 12.04.2026) festgenommen werden können. Zudem habe der Beschuldigte einen Tag später einen Fluchtversuch unternommen worden, wobei zwei Mitarbeiter des Transportdienstes der Luzerner Polizei verletzt worden seien. Aufgrund dieser Vorfälle sowie der drohenden Sanktionen bestehe eine hohe Flucht- und Wiederholungsgefahr für Gewaltdelikte (fl. Akten Bel. 40-40.2 und 41). 

In analoger Anwendung von Art. 229 Abs. 2 i.v.m. Art. 224 Abs. 1 StPO wurde der Beschuldigte am 9. Februar 2026 zwecks Durchführung einer Hafteinvernahme vorgeführt (fl. Akten Bel. 42 und 43). Die Anordnung von Sicherheitshaft wurde dem Beschuldigten im Anschluss mündlich eröffnet.

Erwägungen
Nach Art. 231 Abs. 1 StPO entscheidet das erstinstanzliche Gericht mit dem Urteil, ob eine verurteilte Person zur Sicherung des Strafvollzuges (lit. a) oder im Hinblick auf das Berufungsverfahren (lit. b) in Sicherheitshaft zu setzen oder zu behalten ist. 

Ergeben sich Haftgründe erst während eines Verfahrens vor dem Berufungsgericht, so lässt die Verfahrensleitung des Berufungsgerichts die in Haft zu setzende Person unverzüglich vorführen und hört sie an (Art. 232 Abs. 1 StPO). Die Verfahrensleitung entscheidet innert 48 Stunden seit der Zuführung mit einem nicht anfechtbaren Entscheid (vgl. Art. 232 Abs. 2 StPO).

Die Rechtshängigkeit beim Berufungsgericht wird durch die Übermittlung des ausgefertigten begründeten Urteils mitsamt den Akten an das Berufungsgericht begründet, wobei in diesem Zeitpunkt die Verfahrensleitung vom erstinstanzlichen Gericht auf das Berufungsgericht übergeht (vgl. Art. 399 Abs. 1 und 2 StPO; BGer‑Urteil 6B_928/2023 vom 08.11.2023 E. 2 f.).

Die zugrunde liegende Sachverhaltslage, bei der sich Haftgründe nach der Eröffnung des erstinstanzlichen Urteils aber vor der Rechtshängigkeit des Berufungsverfahrens ergeben, ist in der Strafprozessordnung nicht ausdrücklich geregelt. Gemäss der Lehre ist in dieser Konstellation – soweit es sich nicht um einen Anwendungsfall von Art. 231 Abs. 2 StPO handelt – das verfahrensleitende und sachbefasste erstinstanzliche Gericht zuständig, analog nach Art. 231 Abs. 1 StPO Haft anzuordnen (Frei/Zuberbühler Elsässer, in: Komm. zur Schweizerischen Strafprozessordnung [Hrsg. Donatsch/Lieber/Summers/Wohlers], 3. Aufl. 2020, 3. Aufl. 2020, Art. 231 N 5d f. u. Art. 323 N 1; Forster, Basler Komm., 3. Aufl. 2023, Art. 232 StPO N 1; Bähler, Basler Komm., 3. Aufl. 2023, Art. 399 StPO N 5, Jositsch/Schmid, Handbuch des schweizerischen Strafprozessrechts, 4. Aufl. 2023, § 92 N 1545).

Demnach ist vorliegend das Kriminalgericht für die Beurteilung der Haftgründe und die Anordnung der Sicherheitshaft zuständig.

Art. 231 Abs. 1 StPO nennt zwei verschiedene Zielsetzungen, welchen die Sicherheitshaft nach dem erstinstanzlichen Urteil dienen soll, nämlich die Sicherung des Vollzugs der freiheitsentziehenden Sanktion oder «im Hinblick auf das Berufungsverfahren». Dabei handelt es sich nicht um eigenständige Haftgründe, sondern um eine Präzisierung der Haftgründe nach Art. 221 StPO, welche auch bei Entscheiden nach Art. 231 StPO erfüllt sein müssen. Bei erstinstanzlichen Verurteilungen steht primär die Hinderung von Flucht im Vordergrund (BGer‑Urteile 7B_695/2025 vom 21.8.2025 E. 3.2.2, 1B_244/2013 vom 6.8.2013 E. 3.1; Frei/Zuberbühler Elsässer, a.a.O, Art. 231 N 3; Forster, a.a.O., Art. 231 StPO N 4). 

Beim Haftgrund der Fluchtgefahr gemäss Art. 221 Abs. 1 lit. a StPO geht es um die Sicherung der Anwesenheit der beschuldigten Person im Verfahren. Nach der Rechtsprechung des Bundesgerichts braucht es für die Annahme von Fluchtgefahr eine gewisse Wahrscheinlichkeit, dass sich die beschuldigte Person – wenn sie in Freiheit wäre – dem Vollzug der Strafe durch Flucht entziehen würde. Im Vordergrund steht dabei eine mögliche Flucht ins Ausland, denkbar ist allerdings auch ein Untertauchen im Inland. Bei der Bewertung, ob Fluchtgefahr besteht, sind die gesamten konkreten Verhältnisse zu berücksichtigen. Es müssen Gründe bestehen, die eine Flucht nicht nur als möglich, sondern als wahrscheinlich erscheinen lassen. Die Schwere der drohenden Strafe darf als ein Indiz für Fluchtgefahr gewertet werden, genügt jedoch für sich allein nicht, um den Haftgrund zu bejahen. Miteinzubeziehen sind die familiären Bindungen, die berufliche und finanzielle Situation und die Kontakte zum Ausland. Selbst bei einer befürchteten Ausreise in ein Land, welches die beschuldigte Person grundsätzlich an die Schweiz ausliefern bzw. stellvertretend verfolgen könnte, ist die Annahme von Fluchtgefahr nicht ausgeschlossen. In der Regel nimmt die Fluchtgefahr mit zunehmender Verfahrens- bzw. Haftdauer ab. Allerdings kann beispielsweise eine erstinstanzliche Verurteilung je nach den Umständen des Einzelfalls neue Fluchtanreize auslösen (BGE 145 IV 503 E. 2.2). Insbesondere können auch psychische Auffälligkeiten, die auf eine besondere Neigung zu Impulsausbrüchen bzw. Kurzschlusshandlungen schliessen lassen, die Wahrscheinlichkeit von Fluchtverhalten indizieren (BGer-Urteil 1B_252/2015 vom 20.08.2015 E. 2.2 m.w.H.). 

Der dringende Tatverdacht für ein Verbrechen ist vorliegend ohne Weiteres zu bejahen, zumal der Beschuldigte mit Urteil vom 21. Januar 2026, basierend auf einer umfassenden Beweiswürdigung, schuldig gesprochen wurde, unter anderem durch mehrere Messerhiebe gegen die Nacken-, Hals- und Kopfgegend eines (flüchtenden) Kontrahenten eine versuchte eventualvorsätzliche Tötung nach Art. 111 i.V.m. Art. 22 Abs. 1 StGB – und damit ein Verbrechen – begangen zu haben. 

Vorliegend ist die Fluchtgefahr aufgrund konkreter Vorkommnisse, von welchen das Kriminalgericht durch entsprechende Information des Vollzugs- und Bewährungsdienstes (VBD) am 23. Januar 2026 erstmals Kenntnis erhielt (vgl. fl. Akten Bel. 40-40.2 und 41), zu bejahen. 

Zunächst ist festzuhalten, dass der Beschuldigte zu einer Freiheitsstrafe von 4 Jahren – und damit einem Freiheitsentzug von nicht unerheblicher Dauer – verurteilt wurde. Von der erstinstanzlich ausgesprochenen Freiheitsstrafe hat der Beschuldigte erst einen Bruchteil erstanden (83 Tage Untersuchungshaft; vgl. fl. Akten Bel. 39). Des Weiteren wurde gegen den Beschuldigten eine Landesverweisung von 15 Jahren ausgesprochen. Der Anreiz, sich dem Vollzug dieser langjährigen Haftstrafe und der anschliessenden Ausschaffung durch Flucht zu entziehen, ist demnach objektiv als hoch einzustufen. Zudem dürfte das erstinstanzliche Urteil den Fluchtanreiz im Vergleich zum Zeitpunkt der Erhebung der Anklage, worin die Staatsanwaltschaft lediglich 2 Jahre Freiheitsstrafe beantragte, deutlich erhöht haben. Hinzu kommt, dass der Beschuldigte über wenig bis keine engen Verbindungen zur Schweiz verfügt, dass er anlässlich der erstinstanzlichen Hauptverhandlung nicht gegen die beantragte Landesverweisung opponierte, sowie dass er bereits in der Vergangenheit wegen rechtswidriger Einreise in die Schweiz verurteilt wurde (fl. Akten Bel. 28 und Bel. 33 Ziff. 103 und 116-118). 

Im Besonderen lassen allerdings die Ereignisse unmittelbar nach der kriminalgerichtlichen Hauptverhandlung eine Flucht des Beschuldigten als konkret, ernsthaft und wahrscheinlich erscheinen: Als die Polizei den Beschuldigten am 21. Januar 2026 – direkt im Anschluss an die Hauptverhandlung im Kriminalgericht – für den Vollzug von Ersatzfreiheitsstrafen verhaften wollte, versuchte dieser, sich der Kontrolle und Festnahme zu entziehen, indem er einen Polizeibeamten zur Seite stiess und versuchte, zum Ausgang zu rennen. Nachdem der Fluchtversuch zunächst unterbunden wurde, versuchte der Beschuldigte – ohne zu treffen, beim Ergreifen des Handgelenks des Beschuldigten durch den Polizeibeamten – diesen mit der Faust gegen den Kopf zu schlagen (vgl. polizeilicher Festnahmerapport vom 21.01.2026, fl. Akten Bel. 40.1). Laut polizeilicher Sachverhaltsschilderung unternahm der Beschuldigte am darauffolgenden Tag, 22. Januar 2026, während des Hofgangs in der ________ einen weiteren Fluchtversuch. Beim Versuch, den Beschuldigten zu fixieren, leistete dieser starke Gegenwehr, weshalb Pfefferspray eingesetzt werde musste (vgl. polizeiliche Schilderung Kurzsachverhalt, fl. Akten Bel. 40.2). Diese Ereignisse begründen eine ausgeprägte Fluchtbereitschaft. Durch sein jüngstes Verhalten zeigte der Beschuldigte wiederholt, dass er nicht gewillt ist, sich dem ordentlichen Gang des Strafverfahrens und dem Strafvollzug zu stellen. Vor diesem Hintergrund ist ernsthaft zu befürchten, dass der Beschuldigte in der Freiheit erneut versuchen könnte, sich dem Vollzug der mit Urteil vom 21. Januar 2026 verhängten Strafe oder dem Berufungsverfahren durch Flucht oder Untertauchen zu entziehen. Der besondere Haftgrund der Fluchtgefahr ist demnach zu bejahen.

Die Anordnung von Haft ist ""ultima ratio"" und eine solche darf nur angeordnet werden, wenn sich das damit angestrebte Ziel nicht durch (mildere) Ersatzmassnahmen i.S.v. Art. 237 StPO erreichen lässt (vgl. Art. 212 Abs. 2 lit. c i.V.m. Art. 237 f. StPO).

In Anbetracht der zweifachen tätlichen Fluchtversuche des Beschuldigten unter direkter Aufsicht von Polizei- und Gefängnispersonal innerhalb von rund 24 Stunden, erscheinen Ersatzmassnahmen wie Schriftensperren, regelmässige Meldepflichten o.Ä. als nicht geeignet, um den Beschuldigten von einer weiteren Flucht abzuhalten. Es ist nicht davon auszugehen, dass sich der Beschuldigte durch weniger einschneidende Massnahmen beeindrucken liesse und deswegen nicht Untertauchen oder flüchten würde. Eine Sicherheitsleistung (Kaution) fällt sodann aufgrund der prekären finanziellen Situation des Beschuldigten, welcher von Sozialhilfe lebt und Schulden hat, ausser Betracht (fl. Akten Bel. 33 Ziff. 97 und 101 f.). Nach dem Gesagten bestehen derzeit deshalb keine milderen Mittel als Haft zur Verfügung, um der Fluchtgefahr des Beschuldigten zu begegnen. 

Nach Art. 212 Abs. 3 StPO dürfen Untersuchungs- und Sicherheitshaft nicht länger dauern als die mutmasslich zu erwartende Freiheitsstrafe. Die Gefahr von Überhaft droht dann, wenn die Haftdauer in grosse zeitliche Nähe der konkret zu erwartenden Freiheitsstrafe rückt (BGE 145 IV 179 E. 3.1 m.w.H.).

Die Anordnung von Sicherheitshaft ist vorliegend vor dem Hintergrund der erstinstanzlich ausgesprochenen Freiheitsstrafe von 4 Jahren verhältnismässig. der Beschuldigte hat bisher rund drei Monate in Untersuchungshaft verbracht, während die erstinstanzlich ausgesprochene Freiheitsstrafe vier Jahre beträgt. Eine Überhaft ist somit in keiner Weise absehbar, was selbst der Fall wäre, wenn die staatsanwaltschaftlich beantragte Dauer der Freiheitsstrafe angeordnet worden wäre. Die Haft erweist sich dementsprechend als verhältnismässig und angesichts der Schwere der Delikte und der konkreten Fluchtgefahr als gerechtfertigt.

Die Sicherheitshaft ist in analoger Anwendung von Art. 227 Abs. 7 StPO zu befristen und nach Ablauf der Haftfrist von Amtes wegen neu zu prüfen, solange die Strafsache noch beim Kriminalgericht hängig ist (BGE 139 IV 94 E. 2.3.1 f.; 137 IV 180; Forster, a.a.O., Art. 231 StPO N 3). 

Aufgrund der gegenwärtigen Arbeitsbelastung des Kriminalgerichts und der voraussichtlichen umfangreichen Urteilsbegründung ist davon auszugehen, dass die Ausfertigung des begründeten Urteils mehr als drei Monate Zeit in Anspruch nehmen wird. Aus prozessökonomischen Gründen wird die Sicherheitshaft daher im Sinne eines Ausnahmefalls für sechs Monate angeordnet. Die Gefahr von Überhaft entsteht dadurch nicht. der Beschuldigte kann jederzeit ein Haftentlassungsgesuch stellen. 

Die Gerichtsgebühr beträgt Fr. 2'000.-- und ist mit dem Berufungsentscheid zu verlegen (§ 19 lit. b i.V.m. § 1 Abs. 1 JusKV). 

Die Verteidigung kann die mit diesem Verfahren entstehenden Kosten im Berufungsverfahren abrechnen. Sie hat die Kostennote beim Kantonsgericht einzureichen.

Der vorliegende Beschluss kann gemäss Art. 222 StPO einzig von der beschuldigten Person bei der Beschwerdeinstanz angefochten werden.

Rechtsspruch
Für den Beschuldigten wird Sicherheitshaft bis am 9. August 2026 angeordnet.

der Beschuldigte kann jederzeit ein Gesuch um Aufhebung der Sicherheitshaft stellen.

der Beschuldigte kann diesen Beschluss mit Beschwerde anfechten. Sie ist innert 10 Tagen schriftlich und begründet bei der Beschwerdeinstanz (Kantonsgericht) einzureichen.

Die Gerichtsgebühr beträgt Fr. 2'000.-- und wird mit dem Berufungsentscheid verlegt. 

Dieser Beschluss wird dem Beschuldigten (über den Verteidiger), der Staatsanwaltschaft 1 Luzern, der Oberstaatsanwaltschaft, der Justizvollzugsanstalt AE.________, dem Vollzugs- und Bewährungsdienst (Abteilung AF.________- und Massnahmenvollzug) sowie dem Kantonsgericht zugestellt. Der Verteidiger erhält eine Orientierungskopie."
"2023 95: Beschlagnahmte Vermögenswerte ohne Deliktsbezug","Beschlagnahmte Vermögenswerte, die keinen Deliktsbezug aufweisen, können nicht eingezogen werden.
Jedoch kann die Beschlagnahme nach Urteil zuhanden des Betreibungsamt aufrechterhalten werden.","Beschlagnahmungen
Rechtliche Grundlagen
Das Gericht verfügt die Einziehung von Vermögenswerten, die durch eine Straftat erlangt worden sind oder dazu bestimmt waren, eine Straftat zu veranlassen oder zu belohnen, sofern sie nicht dem AC.________ zur Wiederherstellung des rechtmässigen Zustandes ausgehändigt werden (Art. 70 Abs. 1 StGB). Erleidet jemand durch ein Verbrechen oder Vergehen einen Schaden, der nicht durch eine Versicherung gedeckt ist, und ist anzunehmen, dass der Täter den Schaden nicht ersetzen wird, so spricht das Gericht dem Geschädigten auf dessen Verlangen bis zur Höhe des gerichtlich oder durch Vergleich festgesetzten Schadenersatzes eingezogene Gegenstände und Vermögenswerte oder deren Verwertungserlös unter Abzug der Verwertungskosten zu (Art. 73. Abs. 1 lit. b StGB). Das Gericht kann die Verwendung zugunsten des Geschädigten jedoch nur anordnen, wenn der Geschädigte den entsprechenden Teil seiner Forderung an den Staat abtritt (Art. 73 Abs. 2 StGB).

Rechtliche Würdigung

Der Erlös aus der Verwertung des Audi Q5 (gekauft aus dem Covid-19-Kredit; siehe dazu E. 6.3.2 hiernach) in Höhe von Fr. 18'700.65 wird im Verhältnis der ergangenen Vermögensschädigung nach Art. 70 StGB zur Wiederherstellung des rechtmässigen Zustands an die geschädigten Privatklägerinnen ausgehändigt. Demnach hat das Kriminalgericht vom Verwertungserlös der D.________ Fr. 5'100.20 (27.27 %) und der E.________ Fr. 13'600.45 (72.73 %) zu bezahlen.


a.

Im vorab versandten Urteilsdispositiv in Ziff. 4.2 wurde die IBAN des Geschäftskontos der F.________ AG bei der G.________ versehentlich mit ________ 6 angegeben. Die richtige IBAN lautet ________ 7 (pag. 26.5.2)

b.

Die ursprünglich sichergestellten Fr. 4'004.58 (Saldo des Kontos IBAN ________ 7 bei der G.________, lautend auf die H.________ AG Partners) stammen aus den gegen die D.________ und ________ betrügerisch erlangten Covid-Krediten und werden im Verhältnis der ergangenen Vermögenschädigung nach Art. 70 StGB zur Wiederherstellung des rechtmässigen Zustands an die geschädigten Privatklägerinnen ausbezahlt. Demnach müssten nach Rechtskraft des Urteils von diesem sichergestellten Betrag Fr. 1'092.16 (27.27 %) der D.________ und Fr. 2'912.42 (72.72 %) der E.________ überwiesen werden. 

Jedoch ist das Folgende aufgefallen: Entgegen der Anklage in Ziff. 3 (Beschlagnahmte Gegenstände und Vermögenswerte) wurde der Betrag von Fr. 4'004.58 nicht auf das Konto der Staatsanwaltschaft und anschliessend auf das Konto des Kriminalgerichts überwiesen. Nach Abklärungen bei der G.________ hat sich herausgestellt, dass die Fr. 4'004.58 ab dem Konto der F.________ AG zeitlich nach der Kontosperrung durch nachfolgende Zahlungen bis auf Fr. 16.36 verbraucht wurden (fl. Akten Bel. 62):

Fr. 40.--, Jahresgebühr
Fr. 15.--, Gebührenbelastung Jahresgebühr
Fr. 3'000.--, Vergütungsauftrag Betreibungsamt Emmen
Fr. 700.--, Vergütungsauftrag Betreibungsamt Emmen
Fr. 15.--, Gebührenbelastung Kontoführung
Fr. 6.17, Gebührenbelastung Kontoführung
Dementsprechend ist Ziff. 4.2 des Urteilsspruchs gegenüber dem Urteilsdispositiv anzupassen und lautet neu wie folgt: Die sichergestellten Fr. 16.36 (Saldo des Kontos IBAN ________ 7 bei der G.________, lautend auf die H.________ AG Partners) stammen aus den gegen die D.________ und ________ betrügerisch erlangten Covid-Krediten und werden im Verhältnis der ergangenen Vermögenschädigung nach Art. 70 StGB zur Wiederherstellung des rechtmässigen Zustands an die geschädigten Privatklägerinnen ausbezahlt. Demnach müssten nach Rechtskraft des Urteils von diesem sichergestellten Betrag Fr. 4.45 (27.27 %) der D.________ und Fr. 11.90 (72.72 %) der E.________ überwiesen werden.


Die sichergestellten Fr. 21'414.26 (Saldo des Kontos Nr. 2124.3720.2001 bei der Luzerner L.________ AG, lautend auf die M.________ GmbH; pag. 23.1.19; pag. 23.4.11) stammen aus dem betrügerischen Kreditantrag der N.________ GmbH (pag. 23.4.1) und werden nach Rechtskraft des Urteils nach Art. 70 StGB zur Wiederherstellung des rechtmässigen Zustands an die geschädigte E.________ ausbezahlt (vgl. E 6.3.2 hiernach). 

Die Beschlagnahme an den nachfolgend aufgezählten Vermögenswerten inkl. zugehöriger Effekten (Kaufbestätigung, Zertifikate usw.) wird bis zur Ablösung durch eine betreibungsrechtliche Zwangsmassnahme aufrechterhalten:

-	G.________: Privatkonto ________ 7, lautend auf A.________; Saldo per 1. Februar 2021: Fr. 1’617.31 (pag. 26.3.2)

-	Luzerner L.________ AG: Sparkonto Nr. 2131.0516.2001, lautend auf B.________; Saldo per 14. Februar 2023: Fr. 20'024.63 (pag. 23.1.18) 

-	Q.________ AG: Privatkonto 0463-465466-00, lautend auf B.________; Saldo per 5. Februar 2021: Fr. 8'595.66 (pag. 23.9.1); Der Betrag wurde gegenüber dem Urteilsdispositiv aufgrund der effektiven Überweisung der Credit Suisse an die Staatsanwaltschaft geringfügig angepasst.

-	Q.________ AG: Geschenk-Sparkonto 0463-465466-00-1, lautend auf B.________; Saldo per 5. Februar 2021: Fr. 1'285.61 (pag. 23.9.1); Der Betrag wurde gegenüber dem Urteilsdispositiv aufgrund der effektiven Überweisung der Credit Suisse an die Staatsanwaltschaft geringfügig angepasst.

- 	Luzerner L.________ AG, Geschäftskonto Nr. 2128.5279.2001, lautend auf die R.________ AG; Saldo von Fr. 763.45 (pag. 23.1.21)

-	Fingerring Bulgari, goldfarben mit Brillanten (sichergestellt bei Küchenablage, Eigentum angesprochen von B.________; pag. 17.1.9)

-	Gutschein City-Card Luzern, angeschrieben mit Fr. 200.-- (sichergestellt bei Küchenablage, Eigentum angesprochen von B.________; pag. 17.1.9)

-	Gutschein Globus, angeschrieben mit Fr. 700.--, mit Quittung (sichergestellt bei Küchenablage, Eigentum angesprochen von B.________; pag. 17.1.10)

- 	Herrenarmbanduhr Rolex, Oyster, Perpetual, Datejust, goldfarben mit Brillanten (sichergestellt in Schlafzimmer S.________, Eigentum angesprochen von A.________; pag. 17.1.11)

-	Armbanduhr Omega, Constallation, Chronometer automatisch, silber-goldfarbig, mit Brillanten (sichergestellt in Schlafzimmer S.________, Eigentum angesprochen A.________; pag. 17.1.11)

-	Antike Taschenuhr, Longines, silberfarben in grauem Behältnis (sichergestellt in Kleiderschrank in Schlafzimmer S.________, Eigentum angesprochen von A.________; pag. 17.1.11)

-	Damenarmbanduhr, Omega, Constellation, goldfarben mit Brillanten, mit roter Omegaschutzhülle (sichergestellt in Kleiderschrank in Schlafzimmer S.________, Eigentum angesprochen von B.________; pag. 17.1.11)

-	Armbanduhr Omega constellation, Perpetual, calendar, gold-silberfarben, in roter Schachtel (sichergestellt in Schmuckschrank in Schlafzimmer S.________, Eigentum angesprochen B.________; pag. 17.1.12)

-	Bargeld Fr. 1'100.-- (sichergestellt in Handtasche bzw. Kleiderschrank in Schlafzimmer S.________, Eigentum angesprochen von B.________; pag. 17.1.12)

-	Armbanduhr Bulgari, silberfarben (sichergestellt in Schmuckschrank in Schlafzimmer S.________; pag. 17.1.12)

- 	Damenarmbanduhr Rolex, Oyster, Perpetual, Datejust, goldfarben mit Brillanten (sichergestellt in Schmuckschrank im Schlafzimmer S.________, Eigentum angesprochen von B.________; pag. 17.1.13)

-	Goldvreneli, 2 Stück, Jahrgang 1947 und 1947, in blauer Schmuckschachtel (sichergestellt in unterster Schublade TV-Gestell im Schlafzimmer S.________; pag. 17.1.13)

-	Goldvreneli, 5 Stück, Jahrgang 1949, 1947, 1949, 1927, 1935, in blauer Schmuckschachtel (sichergestellt in unterster Schublade TV-Gestell im Schlafzimmer Bernet/
Bieri; pag. 17.1.14)

-	Goldvreneli, 2 Stück, Jahrgang 1935 und 1947, in grüner Schmuckschachtel (sichergestellt in unterster Schublade TV-Gestell im Schlafzimmer S.________; pag. 17.1.14)

-	5 x 2 Gramm Goldbarren mit Zertifikat V.________ (sichergestellt in unterster Schublade TV-Gestell in Schlafzimmer S.________; pag. 17.1.14)

-	Bargeld Fr. 180.-- (sichergestellt beim Spiegel/Bar im Entrée; pag. 17.1.17)

Die vorgenannten Gegenstände und Barwerte (Erlös saldierter Konti) werden nach betreibungsrechtlicher Arrestierung unter gleichzeitiger Betreibung der staatlichen Kosten sowie Ersatzforderungen (Art. 279 SchKG) zur Verwertung dem Betreibungsamt Emmen ausgehändigt. Das Kriminalgericht verzichtet auf eine Anrechnung bzw. Verrechnung mit den Kosten des Strafverfahrens im Sinne von Art. 442 Abs. 4 StPO.

Entgegen der Anklage Ziff. 3 (Beschlagnahmte Gegenstände und Vermögenswerte) wurde von der G.________ Geschäftskontos ________ 6, lautend auf die H.________ AG Partners, kein Saldo von Fr. 19.16 (pag. 23.9.1) an die Staatsanwaltschaft und danach ans Kriminalgericht weitergeleitet. Auf Nachfrage bei der Raiff-eisenbank Emmen stellte sich heraus, dass das genannte Konto einen Saldo von Fr. 0.-- aufwies (fl. Akten Bel. 62). Somit wird die nachfolgende Passage aus dem Rechtsspruch des Urteilsdispositiv (Ziff. 4.4) ersatzlos gestrichen:

G.________: Geschäftskonto ________ 6, lautend auf die H.________ AG Partners; Saldo von Fr. 19.16
Der sichergestellte Militärkarabiner (pag. 17.1.17), welcher bei der Luzerner Polizei unter der Lager-Nr. A014’685'735 deponiert ist, wird zum Entscheid nach Art. 31 WG der Luzerner Polizei überlassen.

Die zwecks Auswertung ab den sichergestellten Datenträgern durch die Luzerner Polizei gesicherten Daten (Fall-Nr. LU 2021 2 3475) werden nach Rechtskraft des Urteils vernichtet.

Der sichergestellte Vertrag (A014’685'326; pag. 17.1.15) ist A.________ nach Rechtskraft des Urteils auszuhändigen.

Ersatzforderung
Rechtliche Grundlagen
Das Gericht verfügt die Einziehung von Vermögenswerten, die durch eine Straftat erlangt worden sind oder dazu bestimmt waren, eine Straftat zu veranlassen oder zu belohnen, sofern sie nicht dem AC.________ zur Wiederherstellung des rechtmässigen Zustandes ausgehändigt werden (Art. 70 Abs. 1 StGB). Sind die der Einziehung unterliegenden Vermögenswerte nicht mehr vorhanden, so erkennt das Gericht auf eine Ersatzforderung des Staates in gleicher Höhe (Art. 71 Abs. 1 StGB). Die sogenannte Ausgleichseinziehung gemäss Art. 70 ff. StGB beruht vor allem auf dem grundlegenden sozialethischen Gedanken, dass sich strafbares Verhalten nicht lohnen darf. Die gleichen Überlegungen gelten für Ersatzforderungen des Staates. Durch die Festlegung einer Ersatzforderung soll verhindert werden, dass derjenige, welcher die Vermögenswerte bereits verbraucht oder sich ihrer entledigt hat, bessergestellt wird als jener, der noch über sie verfügt. Die Ersatzforderung gemäss Art. 71 StGB ist subsidiär zur Naturaleinziehung im Sinne von Art. 70 StGB. Die Rückerstattung eines deliktisch erlangten Vermögenswertes an den Geschädigten geht der Einziehung vor. Der Täter soll nicht doppelt belangt werden (BGE 129 IV 322 E. 2.2.4).

A.________
Der Beschuldigte A.________ hat durch die von ihm u.a. in Mittäterschaft (und Anstiftung) veranlassten Straftaten eine Deliktssumme von Fr. 700'000.-- (E. 4.5.1.2 f. hiervor) erwirkt. Davon wurden Fr. 40'131.07 folgendermassen sichergestellt und können an die Geschädigten restituiert werden: 

Am 30. März 2020 wurde der F.________ AG eine betrügerisch erlangte Covid-Kreditsumme von Fr. 150'000.-- zur Verfügung gestellt (pag 26.5.20). Am 2. April 2020 erlangte die F.________ AG von der Z.________ AG eine Banküberweisung in Höhe von Fr. 362'850.50 (pag. 26.5.21), welche ebenfalls aus den Mitteln eines von der Z.________ AG unrechtmässig erhaltenen Covid-Kredites stammte. Der sichergestellte Audi Q5 2.0 TDI wurde – basierend auf dem Kaufvertrag vom 18. Mai 2020 – mit Banküberweisung vom 19. Mai 2020 im Umfang von Fr. 20'500.-- mit der Bankkarte des Geschäftskontos der F.________ AG gekauft (pag. 26.5.23). Das fragliche Fahrzeug wurde somit vollumfänglich aus deliktisch erlangten Mitteln finanziert und stellt daher mittelbar Deliktserlös dar. Der Erlös aus der vorzeitigen Verwertung im Umfang von Fr. 18'700.65 ist somit den bezüglich den Anlasstaten direktgeschädigten AE.________ AD.________ und ________ anteilsmässig im Umfang der gegen sie erwirkten Deliktssummen auszuhändigen. Demnach sind der D.________ Fr. 5'100.20 (27.27 %) und der E.________ Fr. 13'600.45 (72.73 %) zu bezahlen (hierzu E. 6.2.2.1).
Bei der G.________ wurde auf dem CHF-Konto (IBAN ________ 7) der F.________ AG ein Restbetrag von Fr. 16.36 sichergestellt (pag. 26.5.2). Da dieser Vermögenswert ebenfalls aus den gegen die D.________ und ________ betrügerisch erlangten Covid-Krediten erlangt worden ist, ist er den Geschädigten auszuhändigen. Demnach sind der D.________ Fr. 4.45 (27.27 %) und der E.________ Fr. 11.90 (72.72 %) zu bezahlen (Erläuterungen hierzu E. 6.2.2.2.b).
Bei der Luzerner L.________ AG wurden auf dem Geschäftskonto Nr. 2124.3720.2001, lautend auf die M.________ GmbH, Fr. 21'414.26 sichergestellt. Dieser Vermögenswert wurde durch den betrügerischen Kreditantrag der N.________ GmbH erwirkt (pag. 23.4.1) und ist daher der geschädigten E.________ auszuhändigen. Demnach ist der E.________ Fr. 21'414.26 zu bezahlen (hierzu E. 6.2.2.3).
Da im Zeitpunkt der Sicherstellung und Beschlagnahme der vorerwähnten Vermögenswerte nur noch ein geringer Bruchteil der deliktisch erlangten Vermögenswerte vorhanden war, ist es nach Massgabe des Grundsatzes, dass sich Verbrechen nicht lohnen sollen, angezeigt, gegen den Beschuldigten die Anordnung einer staatlichen Ersatzforderung in Höhe von Fr. 660'000.-- (gerundet) anzuordnen (Fr. 700'000.-- abzüglich der beschlagnahmten Vermögenswerte in Höhe von Fr. 40'131.07). Da im Zuge der am Wohnsitz von A.________ durchgeführten Hausdurchsuchung zahlreiche Vermögenswerte sichergestellt worden sind, welche mitunter im Besitz von A.________ standen, kann nicht davon gesprochen werden, dass die Ersatzforderung uneinbringlich erscheint. Auch würde die Anordnung der Ersatzforderung gegen A.________, welcher ohnehin schon erheblich überschuldet ist, ihn nicht in der Wiedereingliederung ernstlich behindern. Gründe für den ausnahmsweisen Verzicht auf die Ersatzforderung liegen daher nicht vor. 

Gegen den Beschuldigten A.________ wird somit eine Ersatzforderung des Staates nach Art. 71 Abs. 1 StGB in der Höhe von Fr. 660'000.-- erhoben. B.________ haftet für diese Forderung im Umfang von Fr.  383'000.‑‑ solidarisch (Hierzu siehe E. 6.3.3 nachfolgend).

Die Abweichung der Ersatzforderung (Fr. 660'000.-- statt Fr. 655'000.--) verglichen mit dem Urteilsdispositiv in Ziff. 3.1. ergibt sich aus den effektiven Überweisungen der G.________ an die Staatsanwaltschaft bezüglich CHF-Konto (IBAN ________ 7) der F.________ AG (siehe dazu Erläuterungen in E. 6.2.2.2.b hiervor). Im Urteilsspruch bzw. Urteilsdispositiv wird zugunsten des Beschuldigten der Betrag von Fr. 655'000.-- belassen.

B.________
Die Beschuldigte B.________ hat durch ihre in Mittäterschaft veranlassten Straftaten eine Deliktssumme von Fr. 400'000.-- zu Lasten der E.________ erwirkt (E. 6.1.4.2 hiervor). Davon wurden Fr. 13'612.35 (Fr. 13'600.45 + Fr. 11.90) sichergestellt und können restituiert werden (E. 6.3.2 hiervor). Da im Zeitpunkt der Sicherstellung und Beschlagnahme der vorerwähnten Vermögenswerte nur noch ein geringer Bruchteil der deliktisch erlangten Vermögenswerte vorhanden war, ist es nach Massgabe des Grundsatzes, dass sich Verbrechen nicht lohnen sollen, angezeigt, gegen Die Beschuldigte die Anordnung einer staatlichen Ersatzforderung in Höhe von Fr. 386'000.-- (gerundet) anzuordnen (Fr. 400'000.-- abzüglich der beschlagnahmten Vermögenswerte in Höhe von Fr. 13'612.35). Da im Zuge der am Wohnsitz von B.________ durchgeführten Hausdurchsuchung zahlreiche Vermögenswerte sichergestellt worden sind, welche mitunter im Besitz von B.________ standen, kann nicht davon gesprochen werden, dass die Ersatzforderung uneinbringlich erscheint. Auch würde die Anordnung der Ersatzforderung gegen B.________, welche ohnehin schon erheblich überschuldet ist, sie nicht in der Wiedereingliederung ernstlich behindern. Gründe für den ausnahmsweisen Verzicht auf die Ersatzforderung liegen daher nicht vor.

Gegen Die Beschuldigte wird somit eine Ersatzforderung des Staates nach Art. 71 Abs. 1 StGB in der Höhe von Fr. 386'000.-- erhoben. Der Beschuldigte haftet für diese Forderung solidarisch (hierzu siehe E. 6.3.2 hiervor).

Auch hier ergibt sich die Abweichung der Ersatzforderung (Fr. 386'000.-- statt Fr. 383'000.--) verglichen mit dem Urteilsdispositiv in Ziff. 3.2 aus den effektiven Überweisungen der G.________ bezüglich CHF-Konto (IBAN ________ 7) der F.________ AG (siehe dazu Erläuterungen in E. 6.2.2.2.b hiervor).  Im Urteilsspruch bzw. Urteilsdispositiv wird zugunsten der Beschuldigten der Betrag von Fr. 383'000.-- belassen.

Verwendung zugunsten des Geschädigten
Rechtlich Grundlagen
Erleidet jemand durch ein Verbrechen oder Vergehen einen Schaden, der nicht durch eine Versicherung gedeckt ist, und ist anzunehmen, dass der Täter den Schaden nicht ersetzen wird, so spricht das Gericht dem Geschädigten auf dessen Verlangen bis zur Höhe des gerichtlich oder durch Vergleich festgesetzten Schadenersatz Ersatzforderungen zu (Art. 73 Abs. 1 lit. c StGB). Das Gericht kann die Verwendung zugunsten des Geschädigten jedoch nur anordnen, wenn der Geschädigte den entsprechenden Teil seiner Forderung an den Staat abtritt (Art. 73 Abs. 2 StGB).

Die beiden Privatklägerinnen (AE.________ ________ und AD.________) beantragen die Zusprechung der gegen die Beschuldigten angeordneten Ersatzforderungen (fl. Akten Bel. 31 und 32). Die Voraussetzungen nach Art. 73 Abs. 1 zur Verwendung der Ersatzforderungen zugunsten der geschädigten AE.________ sind erfüllt. Somit wird der unter dem Titel der Ersatzforderung gegen A.________ (E. 6.3.2 hiervor) betreibungsrechtlich erhältlich gemachte Betrag nach Massgabe von Art. 73 StGB gegen entsprechende Abtretung der Zivilforderungen im Verhältnis der erwirkten Deliktsbeträge an die AE.________ ________ (72.73 %) und AD.________ (27.27 %) ausgehändigt. Zudem wird der unter dem Titel der Ersatzforderung gegen B.________ (E. 6.3.3 hiervor) betreibungsrechtlich erhältlich gemachte Betrag nach Massgabe von Art. 73 StGB gegen entsprechende Abtretung der Zivilforderung an die E.________ ausgehändigt.

Zivilforderungen
Die geschädigte Person kann zivilrechtliche Ansprüche aus der Straftat als Privatklägerschaft adhäsionsweise im Strafverfahren geltend machen (Art. 122 Abs. 1 StPO). Als geschädigte Person gilt die Person, die durch die Straftat in ihren Rechten unmittelbar verletzt worden ist (Art. 115 Abs. 1 StPO). Es geht dabei in erster Linie um Schadenersatz- und Genugtuungsansprüche aus unerlaubter Handlung gemäss Art. 41 ff. des Obligationenrechts (OR; SR 220; Dolge, BSK StPO, 3. Aufl., N 65 f. zu Art. 122). Die geschädigte Person kann die Erklärung schriftlich oder mündlich zu Protokoll abgeben (Art. 119 Abs. 1 StPO). In der Erklärung kann die geschädigte Person nach Art. 119 Abs. 2 StPO kumulativ oder alternativ die Verfolgung und Bestrafung der für die Straftat verantwortlichen Person verlangen (Strafklage; lit. a) bzw. adhäsionsweise privatrechtliche Ansprüche geltend machen, die aus der Straftat abgeleitet werden (Zivilklage; lit. b). Die in der Zivilklage geltend gemachte Forderung ist nach Möglichkeit in der Erklärung nach Art. 119 StPO zu beziffern und, unter Angabe der angerufenen Beweismittel, kurz schriftlich zu begründen (Art. 123 Abs. 1 StPO). Bezifferung und Begründung haben innert der von der Verfahrensleitung gemäss Art. 331 Abs. 2 StPO angesetzten Frist zu erfolgen (Art. 123 Abs. 2 StPO). Das Gericht entscheidet über die anhängig gemachte Zivilklage, wenn es den Beschuldigten schuldig spricht oder freispricht und der Sachverhalt spruchreif ist (Art. 126 Abs. 1 lit. a und b StPO).

Wer einem andern widerrechtlich Schaden zufügt, sei es mit Absicht, sei es aus Fahrlässigkeit, wird ihm zum Ersatze verpflichtet (Art. 41 Abs. 1 OR). Eine Haftung nach Art. 41 OR setzt kumulativ einen Schaden, einen natürlichen und adäquaten Kausalzusammenhang zwischen dem schädigenden Verhalten und dem Schaden, Widerrechtlichkeit der Schädigung und ein Verschulden des Schädigers voraus (Kessler, BSK OR I, 7. Aufl., N 2c zu Art. 41).

Zivilforderungen gegen A.________
AG.________

N.________ GmbH
Die Privatklägerin AH.________, AI.________ für, macht Schadenersatz in der Höhe von Fr. 150'000.-- zuzüglich Zins von 5 % seit dem 12. Juni 2023 aus der Honorierung der Bürgschaft für den Kredit der N.________ GmbH geltend. Der Beschuldigte schulde diesen Betrag in solidarischer Haftung mit AJ.________ (fl. Akten Bel. 31 S. 1). Sie konnte sich gemäss Art. 5 Abs. 1 lit. b i.V.m. Abs. 2 lit. c Covid-19-Solidarbürgschaftsgesetz (Covid-19-SBüG; SRL 951.26) im Strafverfahren bezüglich der nach der Covid-19-Solidarbürgschaftsverordnung gewährten Solidarbürgschaften zur Erfüllung ihrer Aufgaben zur Verhinderung, Bekämpfung und Verfolgung von Missbrauch im Strafverfahren als Privatklägerin konstituieren. Der Beschuldigte hat die Schadenersatzforderung der Privatklägerin anerkannt (pag. 4.1.119 Ziff. 54). Gestützt auf seine Anerkennung wird Der Beschuldigte (A.________) in solidarischer Haftung mit AJ.________ verpflichtet, der AH.________ AI.________ für Fr. 150'000.-- zuzüglich Zins zu 5 % seit dem 12. Juni 2023 aus der Honorierung der Bürgschaft für den Kredit der N.________ GmbH als Schadenersatz zu bezahlen.

AK.________ AG
Die Privatklägerin AH.________, AI.________ für, macht Schadenersatz in der Höhe von Fr. 398'935.35.-- zuzüglich Zins von 5 % seit dem 17. Dezember 2021 aus der Honorierung der Bürgschaft für den Kredit der AK.________ AG geltend. Der Beschuldigte schulde diesen Betrag in solidarischer Haftung mit B.________ (fl. Akten Bel. 31 S. 1). Die AH.________ konnte sich gemäss Art. 5 Abs. 1 lit. b i.V.m. Abs. 2 lit. c Covid-19-Solidarbürgschaftsgesetz (Covid-19-SBüG; SRL 951.26) im Strafverfahren bezüglich der nach der Covid-19-Solidarbürgschaftsverordnung gewährten Solidarbürgschaften zur Erfüllung ihrer Aufgaben zur Verhinderung, Bekämpfung und Verfolgung von Missbrauch im Strafverfahren als Privatklägerin konstituieren. Der Beschuldigte hat die Schadenersatzforderung der Privatklägerin anerkannt (pag. 4.1.119 Ziff. 54). Gestützt auf seine Anerkennung wird A.________ in solidarischer Haftung mit B.________ verpflichtet, der AH.________, AI.________ für, Fr. 398'935.35 zuzüglich Zins zu 5 % seit dem 17. Dezember 2021 aus der Honorierung der Bürgschaft für den Kredit der AK.________ AG als Schadenersatz zu bezahlen.

D.________

Die Privatklägerin BG AD.________, AI.________ für, macht Schadenersatz in der Höhe von Fr. 150'556.25.-- zuzüglich Zins von 5 % seit dem 16. August 2023 aus der Honorierung der Bürgschaft für den Kredit der H.________ AG Partners geltend (fl. Akten Bel. 31. S. 4). Die BG AD.________ konnte sich gemäss Art. 5 Abs. 1 lit. b i.V.m. Abs. 2 lit. c Covid-19-Solidarbürgschaftsgesetz (Covid-19-SBüG; SRL 951.26) im Strafverfahren bezüglich der nach der Covid-19-Solidarbürgschaftsverordnung gewährten Solidarbürgschaften zur Erfüllung ihrer Aufgaben zur Verhinderung, Bekämpfung und Verfolgung von Missbrauch im Strafverfahren als Privatklägerin konstituieren. Der Beschuldigte handelte widerrechtlich und erwirkte durch seine betrügerischen Handlungen einen Kredit aus den Mitteln der G.________ im Umfang von Fr. 150'000.--. Aufgrund ausbleibender Amortisationszahlungen hat die G.________ die Kreditvereinbarung gekündigt und die Solidarbürgschaft der Privatklägerin am 29. Juni 2023 in Anspruch genommen. Die Privatklägerin hat die Bürgschaft in Höhe von Fr. 150'556.25 am 16. August 2023 bezahlt. Durch die Bezahlung der Bürgschaft ist die Privatklägerin gestützt auf Art. 507 Abs. 1 OR in die Rechte der Bank eingetreten (fl. Akten Bel. 31 S. 7 f. Ziff. 1.1.2 und Beilage 3 und 4). Die Differenz zwischen dem ursprünglich ausbezahlten Kredit und der Zivilforderung in Höhe von Fr. 556.25 ergibt sich angefallenen Zinsen (fl. Akten Bel. 31 Beilage 3). Die von der Privatklägerin geltend gemachte Summe in Höhe von Fr. 150'556.25 ist somit genügend beziffert und belegt. Die Schadenersatzforderung der Privatklägerin BG AD.________ wird nach dem Gesagten gutgeheissen und Der Beschuldigte verpflichtet, ihr Schadenersatz in der Höhe von Fr. 150'556.25 zuzüglich Zins zu 5 % seit dem 16. August 2023 zu bezahlen.

Zivilforderungen gegen B.________
Die Privatklägerin AH.________, AI.________ für, macht Schadenersatz in der Höhe von Fr. 398'935.35.-- zuzüglich Zins von 5 % seit dem 17. Dezember 2021 aus der Honorierung der Bürgschaft für den Kredit der AK.________ AG geltend. Die Beschuldigte schulde diesen Betrag in solidarischer Haftung mit A.________ (fl. Akten Bel. 32 S. 1). Die AH.________ konnte sich gemäss Art. 5 Abs. 1 lit. b i.V.m. Abs. 2 lit. c Covid-19-Solidarbürgschaftsgesetz (Covid-19-SBüG; SRL 951.26) im Strafverfahren bezüglich der nach der Covid-19-Solidarbürgschaftsverordnung gewährten Solidarbürgschaften zur Erfüllung ihrer Aufgaben zur Verhinderung, Bekämpfung und Verfolgung von Missbrauch im Strafverfahren als Privatklägerin konstituieren. Die Beschuldigte handelte widerrechtlich und erwirkte durch ihre betrügerischen Handlungen einen Kredit aus den Mitteln der AO.________ im Umfang von Fr. 400'000.--. Aufgrund des vermuteten Missbrauchs hat die AO.________ die Kreditvereinbarung gekündigt und die Solidarbürgschaft der Privatklägerin am 30. November 2021 in Anspruch genommen. Die Privatklägerin hat die Bürgschaft in Höhe von Fr. 398'935.35.-- am 17. Dezember 2021 bezahlt. Durch die Bezahlung der Bürgschaft ist die Privatklägerin gestützt auf Art. 507 Abs. 1 OR in die Rechte der Bank eingetreten (fl. Akten Bel. 32 S. 7 Ziff. 1.1.1 und Beilage 1 und 2). Die von der Privatklägerin geltend gemachte Summe in Höhe von Fr. 398'935.35.-- ist somit genügend beziffert und belegt. Die Schadenersatzforderung der Privatklägerin wird nach dem Gesagten gutgeheissen. Die Beschuldigte wird somit in solidarischer Haftung mit A.________ verpflichtet, der Privatklägerin AH.________, AI.________ für, Fr. 398'935.35 zuzüglich Zins zu 5 % seit dem 17. Dezember 2021 zu bezahlen.

Urteilsspruch
Ersatzforderung
A.________ hat dem Kriminalgericht eine staatliche Ersatzforderung nach Art. 71 StGB im Umfang von Fr. 655'000.-- zu bezahlen. B.________ haftet für diese Forderung im Umfang von Fr.  383'000.-- solidarisch.

B.________ hat dem Kriminalgericht in solidarischer Haftbarkeit mit A.________ eine staatliche Ersatzforderung nach Art. 71 StGB im Umfang von Fr. 383'000.-- zu bezahlen.

Beschlagnahmungen
Der Erlös aus der Verwertung des Audi Q5 in Höhe von Fr. 18'700.65 wird im Verhältnis der ergangenen Vermögensschädigung nach Art. 70 StGB zur Wiederherstellung des rechtmässigen Zustands an die geschädigten Privatklägerinnen ausgehändigt. Demnach hat das Kriminalgericht vom Verwertungserlös der D.________ Fr. 5'100.20 (27.27 %) und der E.________ Fr. 13'600.45 (72.73 %) zu bezahlen.

Die sichergestellten Fr. 16.36 (Saldo des Kontos IBAN ________ 7 bei der G.________, lautend auf die H.________ AG Partners) stammen aus den gegen die D.________ und ________ betrügerisch erlangten Covid-Krediten und werden im Verhältnis der ergangenen Vermögenschädigung nach Art. 70 StGB zur Wiederherstellung des rechtmässigen Zustands an die geschädigten Privatklägerinnen ausbezahlt. Die G.________ hat nach Rechtskraft des Urteils von diesem sichergestellten Betrag Fr. 4.45 (27.27 %) der D.________ und Fr. 11.90 (72.72 %) der E.________ zu bezahlen.

Die sichergestellten Fr. 21'414.26 (Saldo des Kontos Nr. 2124.3720.2001 bei der Luzerner Kantonalbank, lautend auf die M.________ GmbH) werden nach Rechtskraft des Urteils nach Art. 70 StGB zur Wiederherstellung des rechtmässigen Zustands an die geschädigte E.________ ausbezahlt. 

Die Beschlagnahme an den nachfolgend aufgezählten Vermögenswerten inkl. zugehöriger Effekten (Kaufbestätigung, Zertifikate usw.) wird bis zur Ablösung durch eine betreibungsrechtliche Zwangsmassnahme aufrechterhalten:

-	G.________: Privatkonto ________ 7, lautend auf A.________; Saldo per 1. Februar 2021: Fr. 1’617.31

-	Luzerner L.________ AG: Sparkonto Nr. 2131.0516.2001, lautend auf B.________; Saldo per 14. Februar 2023: Fr. 20'024.63

-	Q.________ AG: Privatkonto 0463-465466-00, lautend auf B.________; Saldo per 5. Februar 2021: Fr. 8'595.66 (pag. 23.9.1) 

-	Q.________ AG: Geschenk-Sparkonto 0463-465466-00-1, lautend auf B.________; Saldo per 5. Februar 2021: Fr. 1'285.61 (pag. 23.9.1) 

- 	Luzerner L.________ AG, Geschäftskontos Nr. 2128.5279.2001, lautend auf die R.________ AG; Saldo von Fr. 763.45 

-	Fingerring Bulgari, goldfarben mit Brillanten (sichergestellt bei Küchenablage, Eigentum angesprochen von B.________)

-	Gutschein City-Card Luzern, angeschrieben mit Fr. 200.-- (sichergestellt bei Küchenablage, Eigentum angesprochen von B.________)

-	Gutschein Globus, angeschrieben mit Fr. 700.--, mit Quittung (sichergestellt bei Küchenablage, Eigentum angesprochen von B.________)

- 	Herrenarmbanduhr Rolex, Oyster, Perpetual, Datejust, goldfarben mit Brillanten (sichergestellt in Schlafzimmer S.________, Eigentum angesprochen von A.________)

-	Armbanduhr Omega, Constallation, Chronometer automatisch, silber-goldfarbig, mit Brillanten (sichergestellt in Schlafzimmer S.________, Eigentum angesprochen A.________)

-	Antike Taschenuhr, Longines, silberfarben in grauem Behältnis (sichergestellt in Kleiderschrank in Schlafzimmer S.________, Eigentum angesprochen von A.________)

-	Damenarmbanduhr, Omega, Constellation, goldfarben mit Brillanten, mit roter Omegaschutzhülle (sichergestellt in Kleiderschrank in Schlafzimmer S.________, Eigentum angesprochen von B.________)

-	Armbanduhr Omega constellation, Perpetual, calendar, gold-silberfarben, in roter Schachtel (sichergestellt in Schmuckschrank in Schlafzimmer S.________, Eigentum angesprochen B.________)

-	Bargeld Fr. 1'100.-- (sichergestellt in Handtasche bzw. Kleiderschrank in Schlafzimmer S.________, Eigentum angesprochen von B.________)

-	Armbanduhr Bulgari, silberfarben (sichergestellt in Schmuckschrank in Schlafzimmer S.________)

-	Damenarmbanduhr Rolex, Oyster, Perpetual, Datejust, goldfarben mit Brillanten (sichergestellt in Schmuckschrank im Schlafzimmer S.________, Eigentum angesprochen von B.________)

-	Goldvreneli, 2 Stück, Jahrgang 1947 und 1947, in blauer Schmuckschachtel (sichergestellt in unterste Schublade TV-Gestell im Schlafzimmer S.________)

-	Goldvreneli, 5 Stück, Jahrgang 1949, 1947, 1949, 1927, 1935, in blauer Schmuckschachtel (sichergestellt in unterste Schublade TV-Gestell im Schlafzimmer S.________)

-	Goldvreneli, 2 Stück, Jahrgang 1935 und 1947, in grüner Schmuckschachtel (sichergestellt in unterste Schublade TV-Gestell im Schlafzimmer S.________)

-	5 x 2 Gramm Goldbarren mit Zertifikat V.________ (sichergestellt in unterste Schublade TV-Gestell in Schlafzimmer S.________)

-	Bargeld Fr. 180.-- (sichergestellt beim Spiegel/Bar im Entrée)

Die bezeichneten Gegenstände und Barwerte (Erlös saldierter Konti) werden nach betreibungsrechtlicher Arrestierung unter gleichzeitiger Betreibung der staatlichen Kosten sowie Ersatzforderungen (Art. 279 SchKG) zur Verwertung dem Betreibungsamt Emmen ausgehändigt.

Der sichergestellte Militärkarabiner, welcher bei der Luzerner Polizei unter der Lager-Nr. A014’685'735 deponiert ist, wird zum Entscheid nach Art. 31 WG der Luzerner Polizei überlassen.

Die zwecks Auswertung ab den sichergestellten Datenträgern durch die Luzerner Polizei gesicherten Daten (Fall-Nr. LU 2021 2 3475) werden nach Rechtskraft des Urteils vernichtet.

Der sichergestellte Vertrag (A014’685'326) ist A.________ nach Rechtskraft des Urteils auszuhändigen.

Verwendung zugunsten des Geschädigten
Der unter dem Titel der Ersatzforderung gegen A.________ betreibungsrechtlich erhältlich gemachte Betrag wird nach Massgabe von Art. 73 StGB gegen entsprechende Abtretung der Zivilforderungen im Verhältnis der erwirkten Deliktsbeträge an die AE.________ ________ (72.73 %) und AD.________ (27.27 %) ausgehändigt.

Der unter dem Titel der Ersatzforderung gegen B.________ betreibungsrechtlich erhältlich gemachte Betrag wird nach Massgabe von Art. 73 StGB gegen entsprechende Abtretung der Zivilforderung an die E.________ ausgehändigt.

Zivilforderungen
Zivilforderungen gegen A.________
A.________ anerkennt die Forderungen der AH.________ AI.________ für:

Gestützt auf seine Anerkennung wird A.________ in solidarischer Haftung mit B.________ verpflichtet, der AH.________ AI.________ für Fr. 398'935.35 zuzüglich Zins zu 5 % seit dem 17. Dezember 2021 aus der Honorierung der Bürgschaft für den Kredit der AK.________ AG als Schadenersatz zu bezahlen.
Gestützt auf seine Anerkennung wird A.________ in solidarischer Haftung mit AJ.________ verpflichtet, der AH.________ AI.________ für Fr. 150'000.-- zuzüglich Zins zu 5 % seit dem 12. Juni 2023 aus der Honorierung der Bürgschaft für den Kredit der N.________ GmbH als Schadenersatz zu bezahlen.
A.________ wird zudem verpflichtet, der BG AD.________ AI.________ für Fr. 150'556.25 zuzüglich Zins zu 5 % seit dem 16. August 2023 aus der Honorierung der Bürgschaft für den Kredit der H.________ AG Partners als Schadenersatz zu bezahlen.

Zivilforderungen gegen B.________
B.________ wird in solidarischer Haftung mit A.________ verpflichtet, der AH.________ AI.________ für Fr. 398'935.35 zuzüglich Zins zu 5 % seit dem 17. Dezember 2021 aus der Honorierung der Bürgschaft für den Kredit der AK.________ AG als Schadenersatz zu bezahlen."
